cycle,stagesSTAGE,stage_durationstagesSTAGE,water_by_stagestagesSTAGE,ratio,yield_water,yield_water_s,yield_water_by_stagestagesSTAGE
624,Stage1,25,11.549999999999997,0.9999999999999997,0.0,1.0,1.0
1368,Stage2,56,28.891999999999985,0.9999999999999996,0.0,1.0,1.0
5520,Stage3,110,181.13399999999956,0.9533368421052608,0.00217745030470936,0.9982193627922579,0.9982193627922579
