cycle,0,ET_a_acc,stagesSTAGE,stage_durationstagesSTAGE,avg_ET_a,ratio,yield_water,yield_water_s,yield_water_stagestages0,yield_water_stagestages1,yield_water_stagestages2
504,0,1143.0,stageI,20,57.15,0.5715,0.18361225,0.988864271310055,0.988864271310055,0.0,0.0
984,0,912.0,stageII,40,22.8,0.228,0.5959840000000001,0.5438266362766498,0.988864271310055,0.5438266362766498,0.0
2400,60,2823.0,stageIII,60,47.05,0.4705,0.2803702500000001,0.7641390737019543,0.988864271310055,0.5438266362766498,0.7641390737019543
