cycle,TIME,PLSTN,XLAI,XSLA,TOTNST,TOTWST,TOTNLV,TOTWML,FWFR10,APFFW,TOTNF,TOTWMF,ATL,ATT,ATV
0,0,5,0.002,0.026845638,1,0,4,0.0001,0,0,0,0,0,0.0001,0.0001
24,1,5,0.00173045,-5.165750998,1,-0.00239862,4,-0.022212747,2.56007E-10,256.0068866,1.8548E-13,3.87719E-10,0,-0.024611367,-0.024611367
48,2,17.056,0.01623956,2574.051674,13.056,0.515518304,16.056,1.178819109,1.861650227,1.86165E+12,0.12056,4.589537644,0,6.283875057,1.694337413
72,3,29.112,0.026795917,6210.222425,25.112,1.019077272,25.12066165,2.052650938,3.723300454,1.86165E+12,2.5486384,4.385068883,0,7.456797093,3.07172821
96,4,41.168,0.037380877,10611.65239,37.168,1.517682827,34.18532331,2.928850378,5.565686048,1.84239E+12,37.47521486,4.563872186,0,9.010405391,4.446533206
120,5,53.224,0.048178334,15470.84641,49.224,2.020201522,43.24998496,3.822639877,7.395688794,1.83E+12,74.84881486,9.72902603,0,15.57186743,5.842841399
144,6,65.28,0.059156807,21093.44302,61.28,2.535286577,52.31464662,4.731413433,9.218918479,1.82323E+12,109.8112149,23.33115523,0,30.59785524,7.26670001
168,7,67.42773021,0.061122579,17347.50837,63.42773021,2.627966554,53.92948136,4.894135747,11.03787682,1.81896E+12,116.0396325,25.78116324,0,33.30326554,7.522102301
192,8,67.76753719,0.061436562,13039.30756,63.76753719,2.642752416,54.18497533,4.920126529,12.85623452,1.81836E+12,117.0250727,26.26974229,0,33.83262123,7.562878945
216,9,67.82142022,0.061486828,9635.813296,63.82142022,2.64511708,54.22548889,4.924287416,14.67450069,1.81827E+12,117.1813335,26.35832044,0,33.92772494,7.569404495
240,10,67.82977176,0.061494688,7096.403144,63.82977176,2.645486506,54.23176824,4.924938052,16.49275242,1.81825E+12,117.205553,26.3751931,0,33.94561766,7.570424558
264,11,67.83102353,0.061495875,5222.633636,63.83102353,2.645542274,54.23270942,4.925036348,18.31111932,1.81837E+12,117.2091831,26.37828806,0,33.94886669,7.570578622
288,12,67.83120342,0.061496047,3843.101524,63.83120342,2.645550338,54.23284468,4.925050569,20.13019326,1.81907E+12,117.2097048,26.37885998,0,33.94946088,7.570600906
312,13,67.8312279,0.061496071,2827.892178,63.8312279,2.64555144,54.23286308,4.925052515,21.95163805,1.82144E+12,117.2097758,26.37894693,0,33.94955089,7.570603955
336,14,67.83123104,0.061496074,2080.854754,63.83123104,2.645551582,54.23286544,4.925052765,23.77890938,1.82727E+12,117.2097849,26.37895892,0,33.94956327,7.570604347
360,15,67.83123141,0.061496074,1531.159134,63.83123141,2.645551599,54.23286572,4.925052795,25.61787845,1.83897E+12,117.2097859,26.37896067,0,33.94956506,7.570604394
384,16,67.83123145,0.061496074,1126.675455,63.83123145,2.645551601,54.23286575,4.925052798,27.47714691,1.85927E+12,117.2097861,26.37896085,0,33.94956525,7.5706044
408,17,67.83123146,0.061496074,829.0435183,63.83123146,2.645551601,54.23286576,4.925052799,29.36790941,1.89076E+12,117.2097861,26.37896087,0,33.94956527,7.5706044
432,18,67.83123146,0.061496074,610.0365018,63.83123146,2.645551601,54.23286576,4.925052799,31.30332783,1.93542E+12,117.2097861,26.37896087,0,33.94956527,7.5706044
456,19,67.83123146,0.061496074,448.8841964,63.83123146,2.645551601,54.23286576,4.925052799,33.29748906,1.99416E+12,117.2097861,26.37896087,0,33.94956527,7.5706044
480,20,67.83123146,0.061496074,330.3032214,63.83123146,2.645551601,54.23286576,4.925052799,35.36409828,6912968534,117.2097861,26.37896087,0,33.94956527,7.5706044
504,21,67.83123146,0.061496074,243.047581,63.83123146,2.645551601,54.23286576,4.925052799,37.51510362,225966322.3,117.2097861,26.37896087,0,33.94956527,7.5706044
528,22,67.83123146,0.061496074,178.8421148,63.83123146,2.645551601,54.23286576,4.925052799,39.75946128,12544093.01,117.2097861,26.37896087,0,33.94956527,7.5706044
552,23,67.83123146,0.061496074,131.5976974,63.83123146,2.645551601,54.23286576,4.925052799,42.10224749,1389213.497,117.2097861,26.37896087,0,33.94956527,7.5706044
576,24,67.83123146,0.061496074,96.83375742,63.83123146,2.645551601,54.23286576,4.925052799,44.54430779,236959.8439,117.2097861,26.37896087,0,33.94956527,7.5706044
600,25,67.83123146,0.061496074,71.25334837,63.83123146,2.645551601,54.23286576,4.925052799,47.08260398,54149.6741,117.2097861,26.37896087,0,33.94956527,7.5706044
624,26,67.83123146,0.061496074,52.43047249,63.83123146,2.645551601,54.23286576,4.925052799,49.71136513,15322.79437,117.2097861,26.37896087,0,33.94956527,7.5706044
648,27,67.83123146,0.061496074,38.58000373,63.83123146,2.645551601,54.23286576,4.925052799,52.42406848,5114.060067,117.2097861,26.37896087,0,33.94956527,7.5706044
672,28,67.83123146,0.061496074,28.38838975,63.83123146,2.645551601,54.23286576,4.925052799,55.2161736,1949.995303,117.2097861,26.37896087,0,33.94956527,7.5706044
696,29,67.83123146,0.061496074,20.8890771,63.83123146,2.645551601,54.23286576,4.925052799,58.08842177,831.4161135,117.2097861,26.37896087,0,33.94956527,7.5706044
720,30,67.83123146,0.061496074,15.37084513,63.83123146,2.645551601,54.23286576,4.925052799,61.05040912,390.6809377,117.2097861,26.37896087,0,33.94956527,7.5706044
744,31,67.83123146,0.061496074,11.31035512,63.83123146,2.645551601,54.23286576,4.925052799,64.12406574,200.3661098,117.2097861,26.37896087,0,33.94956527,7.5706044
768,32,67.83123146,0.061496074,8.322517849,63.83123146,2.645551601,54.23286576,4.925052799,67.3466351,111.4184002,117.2097861,26.37896087,0,33.94956527,7.5706044
792,33,67.83123146,0.061496074,6.123972471,63.83123146,2.645551601,54.23286576,4.925052799,70.77275819,66.84397884,117.2097861,26.37896087,0,33.94956527,7.5706044
816,34,67.83123146,0.061496074,4.506213087,63.83123146,2.645551601,54.23286576,4.925052799,74.47532381,43.0644431,117.2097861,26.37896087,0,33.94956527,7.5706044
840,35,67.83123146,0.061496074,3.315814449,63.83123146,2.645551601,54.23286576,4.925052799,78.54484567,29.63568288,117.2097861,26.37896087,0,33.94956527,7.5706044
864,36,67.83123146,0.061496074,2.439881395,63.83123146,2.645551601,54.23286576,4.925052799,83.08725745,21.64514492,117.2097861,26.37896087,0,33.94956527,7.5706044
888,37,67.83123146,0.061496074,1.795342087,63.83123146,2.645551601,54.23286576,4.925052799,88.22016377,16.65536641,117.2097861,26.37896087,0,33.94956527,7.5706044
912,38,67.83123146,0.061496074,1.321069632,63.83123146,2.645551601,54.23286576,4.925052799,94.06773293,13.39745854,117.2097861,26.37896087,0,33.94956527,7.5706044
936,39,67.83123146,0.061496074,0.972084925,63.83123146,2.645551601,54.23286576,4.925052799,100.7545491,11.18142661,117.2097861,26.37896087,0,33.94956527,7.5706044
960,40,67.83123146,0.061496074,0.715290915,63.83123146,2.645551601,54.23286576,4.925052799,108.3988438,9.616776619,117.2097861,26.37896087,0,33.94956527,7.5706044
984,41,67.83123146,0.061341424,0.51906435,63.83123146,2.645551601,54.09735462,4.912522027,117.1055892,8.474214849,116.9330029,26.33885455,0.012530772,33.90945895,7.5706044
1008,42,67.83123146,0.06106406,0.371605045,63.83123146,2.645551601,53.85435806,4.890040998,126.9599508,7.614414572,116.4541842,26.27001875,0.035011801,33.84062315,7.5706044
1032,43,67.83123146,0.060694923,0.262551861,63.83123146,2.645551601,53.53101243,4.860112591,138.0215697,6.949970293,115.8418562,26.18263526,0.064940207,33.75323966,7.5706044
1056,44,67.83123146,0.06026285,0.183129263,63.83123146,2.645551601,53.15259449,4.82507156,150.3200707,6.424387697,115.1558361,26.08540574,0.099981239,33.65601014,7.5706044
1080,45,67.83123146,0.059793712,0.126132315,63.83123146,2.645551601,52.74177302,4.787014466,163.8520937,6.000117471,114.445715,25.98540394,0.138038332,33.55600834,7.5706044
1104,46,67.83123146,0.059309833,0.085805507,63.83123146,2.645551601,52.31809935,4.747751718,178.580018,5.651541533,113.7502798,25.88805534,0.177301081,33.45865974,7.5706044
1128,47,67.83123146,0.058829671,0.057662468,63.83123146,2.645551601,51.89773434,4.708781528,194.4324243,5.360750329,113.0977576,25.79722395,0.216271271,33.36782835,7.5706044
1152,48,67.83123146,0.058367758,0.038282754,63.83123146,2.645551601,51.49339254,4.671284061,211.3061699,5.114941084,112.506708,25.71537929,0.253768738,33.28598369,7.5706044
1176,49,67.83123146,0.057934836,0.025110827,63.83123146,2.645551601,51.11447126,4.63613282,229.0698269,4.904775859,111.9873599,25.6438148,0.288919979,33.2144192,7.5706044
1200,50,67.83123146,0.057538175,0.016272603,63.83123146,2.645551601,50.76732469,4.603919572,247.5681652,4.723318597,111.5431911,25.58288967,0.321133227,33.15349407,7.5706044
1224,51,67.83123146,0.057181999,0.010417365,63.83123146,2.645551601,50.45563926,4.574988796,266.6273616,4.565329527,111.1725693,25.53227036,0.350064003,33.10287476,7.5706044
1248,52,67.83123146,0.056867976,0.006587327,63.83123146,2.645551601,50.18086794,4.549477687,286.0606445,4.426786116,110.8703098,25.49115337,0.375575112,33.06175777,7.5706044
1272,53,67.83123146,0.056595745,0.00411376,63.83123146,2.645551601,49.94268476,4.527358142,305.6741243,4.304551694,110.629048,25.45845717,0.397694657,33.02906157,7.5706044
1296,54,67.83123146,0.056363414,0.002536651,63.83123146,2.645551601,49.73942794,4.508477772,325.2725934,4.196142811,110.4403684,25.43297682,0.416575027,33.00358122,7.5706044
1320,55,67.83123146,0.056168029,0.001544107,63.83123146,2.645551601,49.56850724,4.492597649,344.6651011,4.099564011,110.2956683,25.41349995,0.43245515,32.98410435,7.5706044
1344,56,67.83123146,0.056005982,0.000927648,63.83123146,2.645551601,49.42675939,4.479425299,363.6701261,4.013189338,110.1867666,25.3988867,0.4456275,32.9694911,7.5706044
1368,57,67.83123146,0.055873342,0.000549882,63.83123146,2.645551601,49.31074302,4.468642096,382.1201814,3.935676628,110.1062862,25.3881183,0.456410703,32.9587227,7.5706044
0,0,5,0.004,0.10738255,1,0,8,0.0002,0,0,0,0,0,0.0002,0.0002
24,1,5,0.0034609,-20.66300399,1,-0.00239862,8,-0.044425493,3.08616E-10,308.6156934,3.7095E-13,4.67395E-10,0,-0.046824113,-0.046824114
48,2,17.056,0.032479119,10296.2067,25.112,1.033926304,32.112,2.357638218,6.35552E-10,326.9364702,0.24112,4.142716443,0,7.534280965,3.391564522
72,3,29.112,0.053591835,24840.8897,49.224,2.04077215,50.24132331,4.105301877,1.10771E-09,472.1624254,5.0972768,3.708886838,0,9.854960865,6.146074026
96,4,41.168,0.074761754,42446.60957,73.336,3.036958554,68.37064662,5.857700757,1.8185E-09,710.787155,74.95042971,4.437286838,0,13.33194615,8.894659311
120,5,53.224,0.096356668,61883.38566,97.448,4.040235338,86.49996992,7.645279754,2.83797E-09,1019.47286,149.6976297,21.40053683,0,33.08605192,11.68551509
144,6,65.28,0.118356775,84191.63729,121.56,5.067913626,104.6292932,9.46639973,4.19658E-09,1358.60718,223.0231948,60.91111666,0,75.44543001,14.53431336
168,7,69.09054916,0.125362848,75112.00447,129.1810983,5.397288503,110.3594423,10.04634688,5.63716E-09,1440.583001,245.1243799,73.79268926,0,89.23632465,15.44363538
192,8,70.04128675,0.127133501,58465.84164,131.0825735,5.48040983,111.7891229,10.19291755,7.09708E-09,1459.910845,250.638658,77.47068636,0,93.14401374,15.67332738
216,9,70.2660972,0.127557796,43743.42228,131.5321944,5.500301547,112.1271838,10.22803974,8.56133E-09,1464.257901,251.9425585,78.38849843,0,94.11683972,15.72834129
240,10,70.31625424,0.12765366,32344.42403,131.6325085,5.504790301,112.2026079,10.2359752,1.00265E-08,1465.179668,252.2334694,78.61353881,0,94.35430432,15.74076551
264,11,70.32694762,0.127674319,23834.34033,131.6538952,5.505756707,112.2186882,10.23768533,0.000166628,166617481.1,252.295491,78.66702831,0,94.41047035,15.74344203
288,12,70.32910013,0.127678514,17546.38554,131.6582003,5.505952805,112.221925,10.23803258,0.001397791,1231163268,252.3079756,78.67960696,0,94.42359235,15.74398539
312,13,70.32950452,0.127679308,12913.93881,131.659009,5.505989889,112.2225331,10.23809829,0.006410552,5012761364,252.310321,78.68209807,0,94.42618624,15.74408818
336,14,70.32957512,0.127679448,9503.878751,131.6591502,5.505996399,112.2226393,10.23810982,0.021263281,14852728788,252.3107305,78.68255282,0,94.42665905,15.74410622
360,15,70.32958654,0.12767947,6994.169863,131.6591731,5.505997456,112.2226565,10.2381117,0.057012851,35749569976,252.3107967,78.68263731,0,94.42674647,15.74410915
384,16,70.32958823,0.127679474,5147.186925,131.6591765,5.505997612,112.222659,10.23811197,0.131090692,74077841293,252.3108065,78.68264927,0,94.42675886,15.74410959
408,17,70.32958846,0.127679474,3787.942659,131.6591769,5.505997634,112.2226593,10.23811201,0.267996595,1.36906E+11,252.3108079,78.68265103,0,94.42676067,15.74410965
432,18,70.32958849,0.127679474,2787.640683,131.659177,5.505997636,112.2226594,10.23811202,0.499039586,2.31043E+11,252.310808,78.68265126,0,94.42676091,15.74410965
456,19,70.32958849,0.127679474,2051.493674,131.659177,5.505997637,112.2226594,10.23811202,0.861050296,3.62011E+11,252.3108081,78.68265128,0,94.42676093,15.74410965
480,20,70.32958849,0.127679474,1509.744891,131.659177,5.505997637,112.2226594,10.23811202,1.39418919,897490687,252.3108081,78.68265128,0,94.42676094,15.74410965
504,21,70.32958849,0.127679474,1111.058573,131.659177,5.505997637,112.2226594,10.23811202,2.139139452,39327893.22,252.3108081,78.68265128,0,94.42676094,15.74410965
528,22,70.32958849,0.127679474,817.6554601,131.659177,5.505997637,112.2226594,10.23811202,3.13409006,2795107.092,252.3108081,78.68265128,0,94.42676094,15.74410965
552,23,70.32958849,0.127679474,601.7328587,131.659177,5.505997637,112.2226594,10.23811202,4.411988419,380890.631,252.3108081,78.68265128,0,94.42676094,15.74410965
576,24,70.32958849,0.127679474,442.8300805,131.659177,5.505997637,112.2226594,10.23811202,5.998574956,77352.00369,252.3108081,78.68265128,0,94.42676094,15.74410965
600,25,70.32958849,0.127679474,325.8895993,131.659177,5.505997637,112.2226594,10.23811202,7.911698207,20486.55325,252.3108081,78.68265128,0,94.42676094,15.74410965
624,26,70.32958849,0.127679474,239.8302094,131.659177,5.505997637,112.2226594,10.23811202,10.16233967,6575.384956,252.3108081,78.68265128,0,94.42676094,15.74410965
648,27,70.32958849,0.127679474,176.4969777,131.659177,5.505997637,112.2226594,10.23811202,12.75764903,2447.614003,252.3108081,78.68265128,0,94.42676094,15.74410965
672,28,70.32958849,0.127679474,129.8884874,131.659177,5.505997637,112.2226594,10.23811202,15.7061065,1027.768676,252.3108081,78.68265128,0,94.42676094,15.74410965
696,29,70.32958849,0.127679474,95.58814769,131.659177,5.505997637,112.2226594,10.23811202,19.02469977,478.2349407,252.3108081,78.68265128,0,94.42676094,15.74410965
720,30,70.32958849,0.127679474,70.34568006,131.659177,5.505997637,112.2226594,10.23811202,22.74774457,243.8014427,252.3108081,78.68265128,0,94.42676094,15.74410965
744,31,70.32958849,0.127679474,51.76912435,131.659177,5.505997637,112.2226594,10.23811202,26.9367101,135.1841534,252.3108081,78.68265128,0,94.42676094,15.74410965
768,32,70.32958849,0.127679474,38.09817795,131.659177,5.505997637,112.2226594,10.23811202,31.69016294,81.12027697,252.3108081,78.68265128,0,94.42676094,15.74410965
792,33,70.32958849,0.127679474,28.03739067,131.659177,5.505997637,112.2226594,10.23811202,37.15275004,52.44693983,252.3108081,78.68265129,0,94.42676094,15.74410965
816,34,70.32958849,0.127679474,20.63340869,131.659177,5.505997637,112.2226594,10.23811202,43.52204164,36.34636576,252.3108081,78.68265129,0,94.42676094,15.74410965
840,35,70.32958849,0.127679474,15.18463538,131.659177,5.505997637,112.2226594,10.23811202,51.05208325,26.82369535,252.3108081,78.68265129,0,94.42676094,15.74410965
864,36,70.32958849,0.127679474,11.17474846,131.659177,5.505997637,112.2226594,10.23811202,60.05268112,20.91717754,252.3108081,78.68265129,0,94.42676094,15.74410965
888,37,70.32958849,0.127679474,8.223773584,131.659177,5.505997637,112.2226594,10.23811202,70.8837664,17.09017213,252.3108081,78.68265129,0,94.42676094,15.74410965
912,38,70.32958849,0.127679474,6.05207825,131.659177,5.505997637,112.2226594,10.23811202,83.94462331,14.50942486,252.3108081,78.68265129,0,94.42676094,15.74410965
936,39,70.32958849,0.127679474,4.453873988,131.659177,5.505997637,112.2226594,10.23811202,99.65827509,12.70454861,252.3108081,78.68265129,0,94.42676094,15.74410965
960,40,70.32958849,0.127679474,3.277715977,131.659177,5.505997637,112.2226594,10.23811202,118.4518364,11.40001071,252.3108081,78.68265129,0,94.42676094,15.74410965
984,41,70.32958849,0.127353945,2.378757592,131.659177,5.505997637,111.9380385,10.21170785,140.7340927,10.42881456,251.701265,78.52471818,0.026404164,94.26882783,15.74410965
1008,42,70.32958849,0.126769713,1.703091708,131.659177,5.505997637,111.4272955,10.164305,166.8718975,9.686489884,250.6452983,78.25223234,0.073807021,93.99634199,15.74410965
1032,43,70.32958849,0.125991662,1.203338906,131.659177,5.505997637,110.7471996,10.10115737,197.1671478,9.105727087,249.2930185,77.90461368,0.13695465,93.64872333,15.74410965
1056,44,70.32958849,0.125080372,0.839340456,131.659177,5.505997637,109.9507355,10.02717523,231.8360814,8.64195099,247.7759291,77.5160173,0.210936786,93.26012696,15.74410965
1080,45,70.32958849,0.124090294,0.578106379,131.659177,5.505997637,109.0855095,9.946775691,270.9924572,8.264876226,246.2034419,77.11457293,0.291336326,92.85868259,15.74410965
1104,46,70.32958849,0.123068491,0.393272271,131.659177,5.505997637,108.1926553,9.863779516,314.6358401,7.9534295,244.6614573,76.72214418,0.374332501,92.46625383,15.74410965
1128,47,70.32958849,0.122053952,0.264281182,131.659177,5.505997637,107.3062365,9.781354152,362.6457839,7.692618746,243.2127678,76.3545373,0.456757866,92.09864696,15.74410965
1152,48,70.32958849,0.12107742,0.175457228,131.659177,5.505997637,106.4531062,9.70199941,414.7820723,7.47156158,241.898909,76.02205912,0.536112607,91.76616878,15.74410965
1176,49,70.32958849,0.120161682,0.115086999,131.659177,5.505997637,105.6531597,9.627569768,470.6906145,7.282215334,240.7430206,75.73030999,0.61054225,91.47441964,15.74410965
1200,50,70.32958849,0.119322208,0.07458013,131.659177,5.505997637,104.919894,9.559325541,529.9142322,7.118538592,239.7532697,75.48109933,0.678786477,91.22520898,15.74410965
1224,51,70.32958849,0.118568031,0.0477452,131.659177,5.505997637,104.2611864,9.498004494,591.9074224,6.975924086,238.9264382,75.27338419,0.740107524,91.01749384,15.74410965
1248,52,70.32958849,0.117902789,0.030192045,131.659177,5.505997637,103.6801988,9.443905524,656.0541628,6.850806923,238.2513477,75.10415213,0.794206494,90.84826178,15.74410965
1272,53,70.32958849,0.11732581,0.018855584,131.659177,5.505997637,103.1763299,9.396976859,721.6878537,6.74038932,237.7118941,74.96919381,0.841135159,90.71330347,15.74410965
1296,54,70.32958849,0.116833175,0.011627488,131.659177,5.505997637,102.746146,9.356902436,788.1125222,6.642444674,237.2895545,74.86373467,0.881209582,90.60784433,15.74410965
1320,55,70.32958849,0.116418703,0.007078363,131.659177,5.505997637,102.3842377,9.323181632,854.6244236,6.555176738,236.965316,74.78291581,0.914930385,90.52702547,15.74410965
1344,56,70.32958849,0.116074805,0.004252804,131.659177,5.505997637,102.0839708,9.295199081,920.5331777,6.477117575,236.7210423,74.72213074,0.942912936,90.46624039,15.74410965
1368,57,70.32958849,0.115793204,0.002521175,131.659177,5.505997637,101.8381099,9.272282769,985.1815983,6.407053047,236.5403392,74.67723537,0.965829248,90.42134503,15.74410965
0,0,5,0.002,0.026845638,1,0,4,0.0001,0,0,0,0,0,0.0001,0.0001
24,1,5,0.00173045,-5.165750998,1,-0.00239862,4,-0.022212747,2.56007E-10,256.0068866,1.8548E-13,3.87719E-10,0,-0.024611367,-0.024611367
48,2,17.056,0.01623956,2574.051674,13.056,0.515518304,16.056,1.178819109,1.861650227,1.86165E+12,0.12056,4.589537644,0,6.283875057,1.694337413
72,3,29.112,0.026795917,6210.222425,25.112,1.019077272,25.12066165,2.052650938,3.723300454,1.86165E+12,2.5486384,4.385068883,0,7.456797093,3.07172821
96,4,41.168,0.037380877,10611.65239,37.168,1.517682827,34.18532331,2.928850378,5.565686048,1.84239E+12,37.47521486,4.563872186,0,9.010405391,4.446533206
120,5,53.224,0.048178334,15470.84641,49.224,2.020201522,43.24998496,3.822639877,7.395688794,1.83E+12,74.84881486,9.72902603,0,15.57186743,5.842841399
144,6,65.28,0.059156807,21093.44302,61.28,2.535286577,52.31464662,4.731413433,9.218918479,1.82323E+12,109.8112149,23.33115523,0,30.59785524,7.26670001
168,7,67.42773021,0.061122579,17347.50837,63.42773021,2.627966554,53.92948136,4.894135747,11.03787682,1.81896E+12,116.0396325,25.78116324,0,33.30326554,7.522102301
0,0,5,0.002,0.026845638,1,0,4,0.0001,0,0,0,0,0,0.0001,0.0001
24,1,5,0.00173045,-5.165750998,1,-0.00239862,4,-0.022212747,2.56007E-10,256.0068866,1.8548E-13,3.87719E-10,0,-0.024611367,-0.024611367
48,2,17.056,0.01623956,2574.051674,13.056,0.515518304,16.056,1.178819109,1.861650227,1.86165E+12,0.12056,4.589537644,0,6.283875057,1.694337413
72,3,29.112,0.026795917,6210.222425,25.112,1.019077272,25.12066165,2.052650938,3.723300454,1.86165E+12,2.5486384,4.385068883,0,7.456797093,3.07172821
96,4,41.168,0.037380877,10611.65239,37.168,1.517682827,34.18532331,2.928850378,5.565686048,1.84239E+12,37.47521486,4.563872186,0,9.010405391,4.446533206
120,5,53.224,0.048178334,15470.84641,49.224,2.020201522,43.24998496,3.822639877,7.395688794,1.83E+12,74.84881486,9.72902603,0,15.57186743,5.842841399
144,6,65.28,0.059156807,21093.44302,61.28,2.535286577,52.31464662,4.731413433,9.218918479,1.82323E+12,109.8112149,23.33115523,0,30.59785524,7.26670001
168,7,67.42773021,0.061122579,17347.50837,63.42773021,2.627966554,53.92948136,4.894135747,11.03787682,1.81896E+12,116.0396325,25.78116324,0,33.30326554,7.522102301
192,8,67.76753719,0.061436562,13039.30756,63.76753719,2.642752416,54.18497533,4.920126529,12.85623452,1.81836E+12,117.0250727,26.26974229,0,33.83262123,7.562878945
216,9,67.82142022,0.061486828,9635.813296,63.82142022,2.64511708,54.22548889,4.924287416,14.67450069,1.81827E+12,117.1813335,26.35832044,0,33.92772494,7.569404495
240,10,67.82977176,0.061494688,7096.403144,63.82977176,2.645486506,54.23176824,4.924938052,16.49275242,1.81825E+12,117.205553,26.3751931,0,33.94561766,7.570424558
264,11,67.83102353,0.061495875,5222.633636,63.83102353,2.645542274,54.23270942,4.925036348,18.31111932,1.81837E+12,117.2091831,26.37828806,0,33.94886669,7.570578622
288,12,67.83120342,0.061496047,3843.101524,63.83120342,2.645550338,54.23284468,4.925050569,20.13019326,1.81907E+12,117.2097048,26.37885998,0,33.94946088,7.570600906
312,13,67.8312279,0.061496071,2827.892178,63.8312279,2.64555144,54.23286308,4.925052515,21.95163805,1.82144E+12,117.2097758,26.37894693,0,33.94955089,7.570603955
336,14,67.83123104,0.061496074,2080.854754,63.83123104,2.645551582,54.23286544,4.925052765,23.77890938,1.82727E+12,117.2097849,26.37895892,0,33.94956327,7.570604347
360,15,67.83123141,0.061496074,1531.159134,63.83123141,2.645551599,54.23286572,4.925052795,25.61787845,1.83897E+12,117.2097859,26.37896067,0,33.94956506,7.570604394
384,16,67.83123145,0.061496074,1126.675455,63.83123145,2.645551601,54.23286575,4.925052798,27.47714691,1.85927E+12,117.2097861,26.37896085,0,33.94956525,7.5706044
408,17,67.83123146,0.061496074,829.0435183,63.83123146,2.645551601,54.23286576,4.925052799,29.36790941,1.89076E+12,117.2097861,26.37896087,0,33.94956527,7.5706044
432,18,67.83123146,0.061496074,610.0365018,63.83123146,2.645551601,54.23286576,4.925052799,31.30332783,1.93542E+12,117.2097861,26.37896087,0,33.94956527,7.5706044
456,19,67.83123146,0.061496074,448.8841964,63.83123146,2.645551601,54.23286576,4.925052799,33.29748906,1.99416E+12,117.2097861,26.37896087,0,33.94956527,7.5706044
480,20,67.83123146,0.061496074,330.3032214,63.83123146,2.645551601,54.23286576,4.925052799,35.36409828,6912968534,117.2097861,26.37896087,0,33.94956527,7.5706044
504,21,67.83123146,0.061496074,243.047581,63.83123146,2.645551601,54.23286576,4.925052799,37.51510362,225966322.3,117.2097861,26.37896087,0,33.94956527,7.5706044
528,22,67.83123146,0.061496074,178.8421148,63.83123146,2.645551601,54.23286576,4.925052799,39.75946128,12544093.01,117.2097861,26.37896087,0,33.94956527,7.5706044
552,23,67.83123146,0.061496074,131.5976974,63.83123146,2.645551601,54.23286576,4.925052799,42.10224749,1389213.497,117.2097861,26.37896087,0,33.94956527,7.5706044
576,24,67.83123146,0.061496074,96.83375742,63.83123146,2.645551601,54.23286576,4.925052799,44.54430779,236959.8439,117.2097861,26.37896087,0,33.94956527,7.5706044
600,25,67.83123146,0.061496074,71.25334837,63.83123146,2.645551601,54.23286576,4.925052799,47.08260398,54149.6741,117.2097861,26.37896087,0,33.94956527,7.5706044
624,26,67.83123146,0.061496074,52.43047249,63.83123146,2.645551601,54.23286576,4.925052799,49.71136513,15322.79437,117.2097861,26.37896087,0,33.94956527,7.5706044
648,27,67.83123146,0.061496074,38.58000373,63.83123146,2.645551601,54.23286576,4.925052799,52.42406848,5114.060067,117.2097861,26.37896087,0,33.94956527,7.5706044
672,28,67.83123146,0.061496074,28.38838975,63.83123146,2.645551601,54.23286576,4.925052799,55.2161736,1949.995303,117.2097861,26.37896087,0,33.94956527,7.5706044
696,29,67.83123146,0.061496074,20.8890771,63.83123146,2.645551601,54.23286576,4.925052799,58.08842177,831.4161135,117.2097861,26.37896087,0,33.94956527,7.5706044
720,30,67.83123146,0.061496074,15.37084513,63.83123146,2.645551601,54.23286576,4.925052799,61.05040912,390.6809377,117.2097861,26.37896087,0,33.94956527,7.5706044
744,31,67.83123146,0.061496074,11.31035512,63.83123146,2.645551601,54.23286576,4.925052799,64.12406574,200.3661098,117.2097861,26.37896087,0,33.94956527,7.5706044
768,32,67.83123146,0.061496074,8.322517849,63.83123146,2.645551601,54.23286576,4.925052799,67.3466351,111.4184002,117.2097861,26.37896087,0,33.94956527,7.5706044
792,33,67.83123146,0.061496074,6.123972471,63.83123146,2.645551601,54.23286576,4.925052799,70.77275819,66.84397884,117.2097861,26.37896087,0,33.94956527,7.5706044
816,34,67.83123146,0.061496074,4.506213087,63.83123146,2.645551601,54.23286576,4.925052799,74.47532381,43.0644431,117.2097861,26.37896087,0,33.94956527,7.5706044
840,35,67.83123146,0.061496074,3.315814449,63.83123146,2.645551601,54.23286576,4.925052799,78.54484567,29.63568288,117.2097861,26.37896087,0,33.94956527,7.5706044
864,36,67.83123146,0.061496074,2.439881395,63.83123146,2.645551601,54.23286576,4.925052799,83.08725745,21.64514492,117.2097861,26.37896087,0,33.94956527,7.5706044
888,37,67.83123146,0.061496074,1.795342087,63.83123146,2.645551601,54.23286576,4.925052799,88.22016377,16.65536641,117.2097861,26.37896087,0,33.94956527,7.5706044
912,38,67.83123146,0.061496074,1.321069632,63.83123146,2.645551601,54.23286576,4.925052799,94.06773293,13.39745854,117.2097861,26.37896087,0,33.94956527,7.5706044
936,39,67.83123146,0.061496074,0.972084925,63.83123146,2.645551601,54.23286576,4.925052799,100.7545491,11.18142661,117.2097861,26.37896087,0,33.94956527,7.5706044
960,40,67.83123146,0.061496074,0.715290915,63.83123146,2.645551601,54.23286576,4.925052799,108.3988438,9.616776619,117.2097861,26.37896087,0,33.94956527,7.5706044
984,41,67.83123146,0.061341424,0.51906435,63.83123146,2.645551601,54.09735462,4.912522027,117.1055892,8.474214849,116.9330029,26.33885455,0.012530772,33.90945895,7.5706044
1008,42,67.83123146,0.06106406,0.371605045,63.83123146,2.645551601,53.85435806,4.890040998,126.9599508,7.614414572,116.4541842,26.27001875,0.035011801,33.84062315,7.5706044
1032,43,67.83123146,0.060694923,0.262551861,63.83123146,2.645551601,53.53101243,4.860112591,138.0215697,6.949970293,115.8418562,26.18263526,0.064940207,33.75323966,7.5706044
1056,44,67.83123146,0.06026285,0.183129263,63.83123146,2.645551601,53.15259449,4.82507156,150.3200707,6.424387697,115.1558361,26.08540574,0.099981239,33.65601014,7.5706044
1080,45,67.83123146,0.059793712,0.126132315,63.83123146,2.645551601,52.74177302,4.787014466,163.8520937,6.000117471,114.445715,25.98540394,0.138038332,33.55600834,7.5706044
1104,46,67.83123146,0.059309833,0.085805507,63.83123146,2.645551601,52.31809935,4.747751718,178.580018,5.651541533,113.7502798,25.88805534,0.177301081,33.45865974,7.5706044
1128,47,67.83123146,0.058829671,0.057662468,63.83123146,2.645551601,51.89773434,4.708781528,194.4324243,5.360750329,113.0977576,25.79722395,0.216271271,33.36782835,7.5706044
1152,48,67.83123146,0.058367758,0.038282754,63.83123146,2.645551601,51.49339254,4.671284061,211.3061699,5.114941084,112.506708,25.71537929,0.253768738,33.28598369,7.5706044
1176,49,67.83123146,0.057934836,0.025110827,63.83123146,2.645551601,51.11447126,4.63613282,229.0698269,4.904775859,111.9873599,25.6438148,0.288919979,33.2144192,7.5706044
1200,50,67.83123146,0.057538175,0.016272603,63.83123146,2.645551601,50.76732469,4.603919572,247.5681652,4.723318597,111.5431911,25.58288967,0.321133227,33.15349407,7.5706044
1224,51,67.83123146,0.057181999,0.010417365,63.83123146,2.645551601,50.45563926,4.574988796,266.6273616,4.565329527,111.1725693,25.53227036,0.350064003,33.10287476,7.5706044
1248,52,67.83123146,0.056867976,0.006587327,63.83123146,2.645551601,50.18086794,4.549477687,286.0606445,4.426786116,110.8703098,25.49115337,0.375575112,33.06175777,7.5706044
1272,53,67.83123146,0.056595745,0.00411376,63.83123146,2.645551601,49.94268476,4.527358142,305.6741243,4.304551694,110.629048,25.45845717,0.397694657,33.02906157,7.5706044
1296,54,67.83123146,0.056363414,0.002536651,63.83123146,2.645551601,49.73942794,4.508477772,325.2725934,4.196142811,110.4403684,25.43297682,0.416575027,33.00358122,7.5706044
0,0,5,0.002,0.026845638,1,0,4,0.0001,0,0,0,0,0,0.0001,0.0001
24,1,5,0.00173045,-5.165750998,1,-0.00239862,4,-0.022212747,2.56007E-10,256.0068866,1.8548E-13,3.87719E-10,0,-0.024611367,-0.024611367
48,2,17.056,0.01623956,2574.051674,13.056,0.515518304,16.056,1.178819109,1.861650227,1.86165E+12,0.12056,4.589537644,0,6.283875057,1.694337413
72,3,29.112,0.026795917,6210.222425,25.112,1.019077272,25.12066165,2.052650938,3.723300454,1.86165E+12,2.5486384,4.385068883,0,7.456797093,3.07172821
96,4,41.168,0.037380877,10611.65239,37.168,1.517682827,34.18532331,2.928850378,5.565686048,1.84239E+12,37.47521486,4.563872186,0,9.010405391,4.446533206
120,5,53.224,0.048178334,15470.84641,49.224,2.020201522,43.24998496,3.822639877,7.395688794,1.83E+12,74.84881486,9.72902603,0,15.57186743,5.842841399
144,6,65.28,0.059156807,21093.44302,61.28,2.535286577,52.31464662,4.731413433,9.218918479,1.82323E+12,109.8112149,23.33115523,0,30.59785524,7.26670001
168,7,67.42773021,0.061122579,17347.50837,63.42773021,2.627966554,53.92948136,4.894135747,11.03787682,1.81896E+12,116.0396325,25.78116324,0,33.30326554,7.522102301
192,8,67.76753719,0.061436562,13039.30756,63.76753719,2.642752416,54.18497533,4.920126529,12.85623452,1.81836E+12,117.0250727,26.26974229,0,33.83262123,7.562878945
0,0,5,0.002,0.026845638,1,0,4,0.0001,0,0,0,0,0,0.0001,0.0001
24,1,5,0.00173045,-5.165750998,1,-0.00239862,4,-0.022212747,2.56007E-10,256.0068866,1.8548E-13,3.87719E-10,0,-0.024611367,-0.024611367
48,2,17.056,0.01623956,2574.051674,13.056,0.515518304,16.056,1.178819109,1.861650227,1.86165E+12,0.12056,4.589537644,0,6.283875057,1.694337413
72,3,29.112,0.026795917,6210.222425,25.112,1.019077272,25.12066165,2.052650938,3.723300454,1.86165E+12,2.5486384,4.385068883,0,7.456797093,3.07172821
96,4,41.168,0.037380877,10611.65239,37.168,1.517682827,34.18532331,2.928850378,5.565686048,1.84239E+12,37.47521486,4.563872186,0,9.010405391,4.446533206
120,5,53.224,0.048178334,15470.84641,49.224,2.020201522,43.24998496,3.822639877,7.395688794,1.83E+12,74.84881486,9.72902603,0,15.57186743,5.842841399
144,6,65.28,0.059156807,21093.44302,61.28,2.535286577,52.31464662,4.731413433,9.218918479,1.82323E+12,109.8112149,23.33115523,0,30.59785524,7.26670001
168,7,67.42773021,0.061122579,17347.50837,63.42773021,2.627966554,53.92948136,4.894135747,11.03787682,1.81896E+12,116.0396325,25.78116324,0,33.30326554,7.522102301
192,8,67.76753719,0.061436562,13039.30756,63.76753719,2.642752416,54.18497533,4.920126529,12.85623452,1.81836E+12,117.0250727,26.26974229,0,33.83262123,7.562878945
216,9,67.82142022,0.061486828,9635.813296,63.82142022,2.64511708,54.22548889,4.924287416,14.67450069,1.81827E+12,117.1813335,26.35832044,0,33.92772494,7.569404495
240,10,67.82977176,0.061494688,7096.403144,63.82977176,2.645486506,54.23176824,4.924938052,16.49275242,1.81825E+12,117.205553,26.3751931,0,33.94561766,7.570424558
264,11,67.83102353,0.061495875,5222.633636,63.83102353,2.645542274,54.23270942,4.925036348,18.31111932,1.81837E+12,117.2091831,26.37828806,0,33.94886669,7.570578622
288,12,67.83120342,0.061496047,3843.101524,63.83120342,2.645550338,54.23284468,4.925050569,20.13019326,1.81907E+12,117.2097048,26.37885998,0,33.94946088,7.570600906
312,13,67.8312279,0.061496071,2827.892178,63.8312279,2.64555144,54.23286308,4.925052515,21.95163805,1.82144E+12,117.2097758,26.37894693,0,33.94955089,7.570603955
336,14,67.83123104,0.061496074,2080.854754,63.83123104,2.645551582,54.23286544,4.925052765,23.77890938,1.82727E+12,117.2097849,26.37895892,0,33.94956327,7.570604347
0,0,5,0.002,0.026845638,1,0,4,0.0001,0,0,0,0,0,0.0001,0.0001
24,1,5,0.00173045,-5.165750998,1,-0.00239862,4,-0.022212747,2.56007E-10,256.0068866,1.8548E-13,3.87719E-10,0,-0.024611367,-0.024611367
48,2,17.056,0.01623956,2574.051674,13.056,0.515518304,16.056,1.178819109,1.861650227,1.86165E+12,0.12056,4.589537644,0,6.283875057,1.694337413
72,3,29.112,0.026795917,6210.222425,25.112,1.019077272,25.12066165,2.052650938,3.723300454,1.86165E+12,2.5486384,4.385068883,0,7.456797093,3.07172821
96,4,41.168,0.037380877,10611.65239,37.168,1.517682827,34.18532331,2.928850378,5.565686048,1.84239E+12,37.47521486,4.563872186,0,9.010405391,4.446533206
0,0,5,0.002,0.026845638,1,0,4,0.0001,0,0,0,0,0,0.0001,0.0001
24,1,5,0.00173045,-5.165750998,1,-0.00239862,4,-0.022212747,2.56007E-10,256.0068866,1.8548E-13,3.87719E-10,0,-0.024611367,-0.024611367
48,2,17.056,0.01623956,2574.051674,13.056,0.515518304,16.056,1.178819109,1.861650227,1.86165E+12,0.12056,4.589537644,0,6.283875057,1.694337413
72,3,29.112,0.026795917,6210.222425,25.112,1.019077272,25.12066165,2.052650938,3.723300454,1.86165E+12,2.5486384,4.385068883,0,7.456797093,3.07172821
96,4,41.168,0.037380877,10611.65239,37.168,1.517682827,34.18532331,2.928850378,5.565686048,1.84239E+12,37.47521486,4.563872186,0,9.010405391,4.446533206
120,5,53.224,0.048178334,15470.84641,49.224,2.020201522,43.24998496,3.822639877,7.395688794,1.83E+12,74.84881486,9.72902603,0,15.57186743,5.842841399
144,6,65.28,0.059156807,21093.44302,61.28,2.535286577,52.31464662,4.731413433,9.218918479,1.82323E+12,109.8112149,23.33115523,0,30.59785524,7.26670001
168,7,67.42773021,0.061122579,17347.50837,63.42773021,2.627966554,53.92948136,4.894135747,11.03787682,1.81896E+12,116.0396325,25.78116324,0,33.30326554,7.522102301
192,8,67.76753719,0.061436562,13039.30756,63.76753719,2.642752416,54.18497533,4.920126529,12.85623452,1.81836E+12,117.0250727,26.26974229,0,33.83262123,7.562878945
216,9,67.82142022,0.061486828,9635.813296,63.82142022,2.64511708,54.22548889,4.924287416,14.67450069,1.81827E+12,117.1813335,26.35832044,0,33.92772494,7.569404495
240,10,67.82977176,0.061494688,7096.403144,63.82977176,2.645486506,54.23176824,4.924938052,16.49275242,1.81825E+12,117.205553,26.3751931,0,33.94561766,7.570424558
264,11,67.83102353,0.061495875,5222.633636,63.83102353,2.645542274,54.23270942,4.925036348,18.31111932,1.81837E+12,117.2091831,26.37828806,0,33.94886669,7.570578622
288,12,67.83120342,0.061496047,3843.101524,63.83120342,2.645550338,54.23284468,4.925050569,20.13019326,1.81907E+12,117.2097048,26.37885998,0,33.94946088,7.570600906
312,13,67.8312279,0.061496071,2827.892178,63.8312279,2.64555144,54.23286308,4.925052515,21.95163805,1.82144E+12,117.2097758,26.37894693,0,33.94955089,7.570603955
336,14,67.83123104,0.061496074,2080.854754,63.83123104,2.645551582,54.23286544,4.925052765,23.77890938,1.82727E+12,117.2097849,26.37895892,0,33.94956327,7.570604347
360,15,67.83123141,0.061496074,1531.159134,63.83123141,2.645551599,54.23286572,4.925052795,25.61787845,1.83897E+12,117.2097859,26.37896067,0,33.94956506,7.570604394
384,16,67.83123145,0.061496074,1126.675455,63.83123145,2.645551601,54.23286575,4.925052798,27.47714691,1.85927E+12,117.2097861,26.37896085,0,33.94956525,7.5706044
408,17,67.83123146,0.061496074,829.0435183,63.83123146,2.645551601,54.23286576,4.925052799,29.36790941,1.89076E+12,117.2097861,26.37896087,0,33.94956527,7.5706044
432,18,67.83123146,0.061496074,610.0365018,63.83123146,2.645551601,54.23286576,4.925052799,31.30332783,1.93542E+12,117.2097861,26.37896087,0,33.94956527,7.5706044
456,19,67.83123146,0.061496074,448.8841964,63.83123146,2.645551601,54.23286576,4.925052799,33.29748906,1.99416E+12,117.2097861,26.37896087,0,33.94956527,7.5706044
480,20,67.83123146,0.061496074,330.3032214,63.83123146,2.645551601,54.23286576,4.925052799,35.36409828,6912968534,117.2097861,26.37896087,0,33.94956527,7.5706044
504,21,67.83123146,0.061496074,243.047581,63.83123146,2.645551601,54.23286576,4.925052799,37.51510362,225966322.3,117.2097861,26.37896087,0,33.94956527,7.5706044
528,22,67.83123146,0.061496074,178.8421148,63.83123146,2.645551601,54.23286576,4.925052799,39.75946128,12544093.01,117.2097861,26.37896087,0,33.94956527,7.5706044
552,23,67.83123146,0.061496074,131.5976974,63.83123146,2.645551601,54.23286576,4.925052799,42.10224749,1389213.497,117.2097861,26.37896087,0,33.94956527,7.5706044
576,24,67.83123146,0.061496074,96.83375742,63.83123146,2.645551601,54.23286576,4.925052799,44.54430779,236959.8439,117.2097861,26.37896087,0,33.94956527,7.5706044
600,25,67.83123146,0.061496074,71.25334837,63.83123146,2.645551601,54.23286576,4.925052799,47.08260398,54149.6741,117.2097861,26.37896087,0,33.94956527,7.5706044
624,26,67.83123146,0.061496074,52.43047249,63.83123146,2.645551601,54.23286576,4.925052799,49.71136513,15322.79437,117.2097861,26.37896087,0,33.94956527,7.5706044
648,27,67.83123146,0.061496074,38.58000373,63.83123146,2.645551601,54.23286576,4.925052799,52.42406848,5114.060067,117.2097861,26.37896087,0,33.94956527,7.5706044
672,28,67.83123146,0.061496074,28.38838975,63.83123146,2.645551601,54.23286576,4.925052799,55.2161736,1949.995303,117.2097861,26.37896087,0,33.94956527,7.5706044
696,29,67.83123146,0.061496074,20.8890771,63.83123146,2.645551601,54.23286576,4.925052799,58.08842177,831.4161135,117.2097861,26.37896087,0,33.94956527,7.5706044
720,30,67.83123146,0.061496074,15.37084513,63.83123146,2.645551601,54.23286576,4.925052799,61.05040912,390.6809377,117.2097861,26.37896087,0,33.94956527,7.5706044
744,31,67.83123146,0.061496074,11.31035512,63.83123146,2.645551601,54.23286576,4.925052799,64.12406574,200.3661098,117.2097861,26.37896087,0,33.94956527,7.5706044
768,32,67.83123146,0.061496074,8.322517849,63.83123146,2.645551601,54.23286576,4.925052799,67.3466351,111.4184002,117.2097861,26.37896087,0,33.94956527,7.5706044
792,33,67.83123146,0.061496074,6.123972471,63.83123146,2.645551601,54.23286576,4.925052799,70.77275819,66.84397884,117.2097861,26.37896087,0,33.94956527,7.5706044
816,34,67.83123146,0.061496074,4.506213087,63.83123146,2.645551601,54.23286576,4.925052799,74.47532381,43.0644431,117.2097861,26.37896087,0,33.94956527,7.5706044
840,35,67.83123146,0.061496074,3.315814449,63.83123146,2.645551601,54.23286576,4.925052799,78.54484567,29.63568288,117.2097861,26.37896087,0,33.94956527,7.5706044
864,36,67.83123146,0.061496074,2.439881395,63.83123146,2.645551601,54.23286576,4.925052799,83.08725745,21.64514492,117.2097861,26.37896087,0,33.94956527,7.5706044
888,37,67.83123146,0.061496074,1.795342087,63.83123146,2.645551601,54.23286576,4.925052799,88.22016377,16.65536641,117.2097861,26.37896087,0,33.94956527,7.5706044
912,38,67.83123146,0.061496074,1.321069632,63.83123146,2.645551601,54.23286576,4.925052799,94.06773293,13.39745854,117.2097861,26.37896087,0,33.94956527,7.5706044
936,39,67.83123146,0.061496074,0.972084925,63.83123146,2.645551601,54.23286576,4.925052799,100.7545491,11.18142661,117.2097861,26.37896087,0,33.94956527,7.5706044
960,40,67.83123146,0.061496074,0.715290915,63.83123146,2.645551601,54.23286576,4.925052799,108.3988438,9.616776619,117.2097861,26.37896087,0,33.94956527,7.5706044
984,41,67.83123146,0.061341424,0.51906435,63.83123146,2.645551601,54.09735462,4.912522027,117.1055892,8.474214849,116.9330029,26.33885455,0.012530772,33.90945895,7.5706044
0,0,5,0.002,0.026845638,1,0,4,0.0001,0,0,0,0,0,0.0001,0.0001
24,1,5,0.00173045,-5.165750998,1,-0.00239862,4,-0.022212747,2.56007E-10,256.0068866,1.8548E-13,3.87719E-10,0,-0.024611367,-0.024611367
48,2,17.056,0.01623956,2574.051674,13.056,0.515518304,16.056,1.178819109,1.861650227,1.86165E+12,0.12056,4.589537644,0,6.283875057,1.694337413
72,3,29.112,0.026795917,6210.222425,25.112,1.019077272,25.12066165,2.052650938,3.723300454,1.86165E+12,2.5486384,4.385068883,0,7.456797093,3.07172821
96,4,41.168,0.037380877,10611.65239,37.168,1.517682827,34.18532331,2.928850378,5.565686048,1.84239E+12,37.47521486,4.563872186,0,9.010405391,4.446533206
120,5,53.224,0.048178334,15470.84641,49.224,2.020201522,43.24998496,3.822639877,7.395688794,1.83E+12,74.84881486,9.72902603,0,15.57186743,5.842841399
144,6,65.28,0.059156807,21093.44302,61.28,2.535286577,52.31464662,4.731413433,9.218918479,1.82323E+12,109.8112149,23.33115523,0,30.59785524,7.26670001
168,7,67.42773021,0.061122579,17347.50837,63.42773021,2.627966554,53.92948136,4.894135747,11.03787682,1.81896E+12,116.0396325,25.78116324,0,33.30326554,7.522102301
192,8,67.76753719,0.061436562,13039.30756,63.76753719,2.642752416,54.18497533,4.920126529,12.85623452,1.81836E+12,117.0250727,26.26974229,0,33.83262123,7.562878945
216,9,67.82142022,0.061486828,9635.813296,63.82142022,2.64511708,54.22548889,4.924287416,14.67450069,1.81827E+12,117.1813335,26.35832044,0,33.92772494,7.569404495
240,10,67.82977176,0.061494688,7096.403144,63.82977176,2.645486506,54.23176824,4.924938052,16.49275242,1.81825E+12,117.205553,26.3751931,0,33.94561766,7.570424558
264,11,67.83102353,0.061495875,5222.633636,63.83102353,2.645542274,54.23270942,4.925036348,18.31111932,1.81837E+12,117.2091831,26.37828806,0,33.94886669,7.570578622
288,12,67.83120342,0.061496047,3843.101524,63.83120342,2.645550338,54.23284468,4.925050569,20.13019326,1.81907E+12,117.2097048,26.37885998,0,33.94946088,7.570600906
312,13,67.8312279,0.061496071,2827.892178,63.8312279,2.64555144,54.23286308,4.925052515,21.95163805,1.82144E+12,117.2097758,26.37894693,0,33.94955089,7.570603955
336,14,67.83123104,0.061496074,2080.854754,63.83123104,2.645551582,54.23286544,4.925052765,23.77890938,1.82727E+12,117.2097849,26.37895892,0,33.94956327,7.570604347
360,15,67.83123141,0.061496074,1531.159134,63.83123141,2.645551599,54.23286572,4.925052795,25.61787845,1.83897E+12,117.2097859,26.37896067,0,33.94956506,7.570604394
384,16,67.83123145,0.061496074,1126.675455,63.83123145,2.645551601,54.23286575,4.925052798,27.47714691,1.85927E+12,117.2097861,26.37896085,0,33.94956525,7.5706044
408,17,67.83123146,0.061496074,829.0435183,63.83123146,2.645551601,54.23286576,4.925052799,29.36790941,1.89076E+12,117.2097861,26.37896087,0,33.94956527,7.5706044
432,18,67.83123146,0.061496074,610.0365018,63.83123146,2.645551601,54.23286576,4.925052799,31.30332783,1.93542E+12,117.2097861,26.37896087,0,33.94956527,7.5706044
456,19,67.83123146,0.061496074,448.8841964,63.83123146,2.645551601,54.23286576,4.925052799,33.29748906,1.99416E+12,117.2097861,26.37896087,0,33.94956527,7.5706044
480,20,67.83123146,0.061496074,330.3032214,63.83123146,2.645551601,54.23286576,4.925052799,35.36409828,6912968534,117.2097861,26.37896087,0,33.94956527,7.5706044
504,21,67.83123146,0.061496074,243.047581,63.83123146,2.645551601,54.23286576,4.925052799,37.51510362,225966322.3,117.2097861,26.37896087,0,33.94956527,7.5706044
528,22,67.83123146,0.061496074,178.8421148,63.83123146,2.645551601,54.23286576,4.925052799,39.75946128,12544093.01,117.2097861,26.37896087,0,33.94956527,7.5706044
552,23,67.83123146,0.061496074,131.5976974,63.83123146,2.645551601,54.23286576,4.925052799,42.10224749,1389213.497,117.2097861,26.37896087,0,33.94956527,7.5706044
576,24,67.83123146,0.061496074,96.83375742,63.83123146,2.645551601,54.23286576,4.925052799,44.54430779,236959.8439,117.2097861,26.37896087,0,33.94956527,7.5706044
600,25,67.83123146,0.061496074,71.25334837,63.83123146,2.645551601,54.23286576,4.925052799,47.08260398,54149.6741,117.2097861,26.37896087,0,33.94956527,7.5706044
624,26,67.83123146,0.061496074,52.43047249,63.83123146,2.645551601,54.23286576,4.925052799,49.71136513,15322.79437,117.2097861,26.37896087,0,33.94956527,7.5706044
648,27,67.83123146,0.061496074,38.58000373,63.83123146,2.645551601,54.23286576,4.925052799,52.42406848,5114.060067,117.2097861,26.37896087,0,33.94956527,7.5706044
672,28,67.83123146,0.061496074,28.38838975,63.83123146,2.645551601,54.23286576,4.925052799,55.2161736,1949.995303,117.2097861,26.37896087,0,33.94956527,7.5706044
696,29,67.83123146,0.061496074,20.8890771,63.83123146,2.645551601,54.23286576,4.925052799,58.08842177,831.4161135,117.2097861,26.37896087,0,33.94956527,7.5706044
720,30,67.83123146,0.061496074,15.37084513,63.83123146,2.645551601,54.23286576,4.925052799,61.05040912,390.6809377,117.2097861,26.37896087,0,33.94956527,7.5706044
744,31,67.83123146,0.061496074,11.31035512,63.83123146,2.645551601,54.23286576,4.925052799,64.12406574,200.3661098,117.2097861,26.37896087,0,33.94956527,7.5706044
768,32,67.83123146,0.061496074,8.322517849,63.83123146,2.645551601,54.23286576,4.925052799,67.3466351,111.4184002,117.2097861,26.37896087,0,33.94956527,7.5706044
792,33,67.83123146,0.061496074,6.123972471,63.83123146,2.645551601,54.23286576,4.925052799,70.77275819,66.84397884,117.2097861,26.37896087,0,33.94956527,7.5706044
816,34,67.83123146,0.061496074,4.506213087,63.83123146,2.645551601,54.23286576,4.925052799,74.47532381,43.0644431,117.2097861,26.37896087,0,33.94956527,7.5706044
840,35,67.83123146,0.061496074,3.315814449,63.83123146,2.645551601,54.23286576,4.925052799,78.54484567,29.63568288,117.2097861,26.37896087,0,33.94956527,7.5706044
864,36,67.83123146,0.061496074,2.439881395,63.83123146,2.645551601,54.23286576,4.925052799,83.08725745,21.64514492,117.2097861,26.37896087,0,33.94956527,7.5706044
888,37,67.83123146,0.061496074,1.795342087,63.83123146,2.645551601,54.23286576,4.925052799,88.22016377,16.65536641,117.2097861,26.37896087,0,33.94956527,7.5706044
912,38,67.83123146,0.061496074,1.321069632,63.83123146,2.645551601,54.23286576,4.925052799,94.06773293,13.39745854,117.2097861,26.37896087,0,33.94956527,7.5706044
936,39,67.83123146,0.061496074,0.972084925,63.83123146,2.645551601,54.23286576,4.925052799,100.7545491,11.18142661,117.2097861,26.37896087,0,33.94956527,7.5706044
960,40,67.83123146,0.061496074,0.715290915,63.83123146,2.645551601,54.23286576,4.925052799,108.3988438,9.616776619,117.2097861,26.37896087,0,33.94956527,7.5706044
984,41,67.83123146,0.061341424,0.51906435,63.83123146,2.645551601,54.09735462,4.912522027,117.1055892,8.474214849,116.9330029,26.33885455,0.012530772,33.90945895,7.5706044
1008,42,67.83123146,0.06106406,0.371605045,63.83123146,2.645551601,53.85435806,4.890040998,126.9599508,7.614414572,116.4541842,26.27001875,0.035011801,33.84062315,7.5706044
1032,43,67.83123146,0.060694923,0.262551861,63.83123146,2.645551601,53.53101243,4.860112591,138.0215697,6.949970293,115.8418562,26.18263526,0.064940207,33.75323966,7.5706044
1056,44,67.83123146,0.06026285,0.183129263,63.83123146,2.645551601,53.15259449,4.82507156,150.3200707,6.424387697,115.1558361,26.08540574,0.099981239,33.65601014,7.5706044
1080,45,67.83123146,0.059793712,0.126132315,63.83123146,2.645551601,52.74177302,4.787014466,163.8520937,6.000117471,114.445715,25.98540394,0.138038332,33.55600834,7.5706044
1104,46,67.83123146,0.059309833,0.085805507,63.83123146,2.645551601,52.31809935,4.747751718,178.580018,5.651541533,113.7502798,25.88805534,0.177301081,33.45865974,7.5706044
1128,47,67.83123146,0.058829671,0.057662468,63.83123146,2.645551601,51.89773434,4.708781528,194.4324243,5.360750329,113.0977576,25.79722395,0.216271271,33.36782835,7.5706044
1152,48,67.83123146,0.058367758,0.038282754,63.83123146,2.645551601,51.49339254,4.671284061,211.3061699,5.114941084,112.506708,25.71537929,0.253768738,33.28598369,7.5706044
1176,49,67.83123146,0.057934836,0.025110827,63.83123146,2.645551601,51.11447126,4.63613282,229.0698269,4.904775859,111.9873599,25.6438148,0.288919979,33.2144192,7.5706044
1200,50,67.83123146,0.057538175,0.016272603,63.83123146,2.645551601,50.76732469,4.603919572,247.5681652,4.723318597,111.5431911,25.58288967,0.321133227,33.15349407,7.5706044
1224,51,67.83123146,0.057181999,0.010417365,63.83123146,2.645551601,50.45563926,4.574988796,266.6273616,4.565329527,111.1725693,25.53227036,0.350064003,33.10287476,7.5706044
1248,52,67.83123146,0.056867976,0.006587327,63.83123146,2.645551601,50.18086794,4.549477687,286.0606445,4.426786116,110.8703098,25.49115337,0.375575112,33.06175777,7.5706044
1272,53,67.83123146,0.056595745,0.00411376,63.83123146,2.645551601,49.94268476,4.527358142,305.6741243,4.304551694,110.629048,25.45845717,0.397694657,33.02906157,7.5706044
1296,54,67.83123146,0.056363414,0.002536651,63.83123146,2.645551601,49.73942794,4.508477772,325.2725934,4.196142811,110.4403684,25.43297682,0.416575027,33.00358122,7.5706044
1320,55,67.83123146,0.056168029,0.001544107,63.83123146,2.645551601,49.56850724,4.492597649,344.6651011,4.099564011,110.2956683,25.41349995,0.43245515,32.98410435,7.5706044
1344,56,67.83123146,0.056005982,0.000927648,63.83123146,2.645551601,49.42675939,4.479425299,363.6701261,4.013189338,110.1867666,25.3988867,0.4456275,32.9694911,7.5706044
1368,57,67.83123146,0.055873342,0.000549882,63.83123146,2.645551601,49.31074302,4.468642096,382.1201814,3.935676628,110.1062862,25.3881183,0.456410703,32.9587227,7.5706044
0,0,5,0.002,0.026845638,1,0,4,0.0001,0,0,0,0,0,0.0001,0.0001
24,1,5,0.00173045,-5.165750998,1,-0.00239862,4,-0.022212747,2.56007E-10,256.0068866,1.8548E-13,3.87719E-10,0,-0.024611367,-0.024611367
48,2,17.056,0.01623956,2574.051674,13.056,0.515518304,16.056,1.178819109,1.861650227,1.86165E+12,0.12056,4.589537644,0,6.283875057,1.694337413
72,3,29.112,0.026795917,6210.222425,25.112,1.019077272,25.12066165,2.052650938,3.723300454,1.86165E+12,2.5486384,4.385068883,0,7.456797093,3.07172821
96,4,41.168,0.037380877,10611.65239,37.168,1.517682827,34.18532331,2.928850378,5.565686048,1.84239E+12,37.47521486,4.563872186,0,9.010405391,4.446533206
120,5,53.224,0.048178334,15470.84641,49.224,2.020201522,43.24998496,3.822639877,7.395688794,1.83E+12,74.84881486,9.72902603,0,15.57186743,5.842841399
144,6,65.28,0.059156807,21093.44302,61.28,2.535286577,52.31464662,4.731413433,9.218918479,1.82323E+12,109.8112149,23.33115523,0,30.59785524,7.26670001
168,7,67.42773021,0.061122579,17347.50837,63.42773021,2.627966554,53.92948136,4.894135747,11.03787682,1.81896E+12,116.0396325,25.78116324,0,33.30326554,7.522102301
192,8,67.76753719,0.061436562,13039.30756,63.76753719,2.642752416,54.18497533,4.920126529,12.85623452,1.81836E+12,117.0250727,26.26974229,0,33.83262123,7.562878945
216,9,67.82142022,0.061486828,9635.813296,63.82142022,2.64511708,54.22548889,4.924287416,14.67450069,1.81827E+12,117.1813335,26.35832044,0,33.92772494,7.569404495
240,10,67.82977176,0.061494688,7096.403144,63.82977176,2.645486506,54.23176824,4.924938052,16.49275242,1.81825E+12,117.205553,26.3751931,0,33.94561766,7.570424558
264,11,67.83102353,0.061495875,5222.633636,63.83102353,2.645542274,54.23270942,4.925036348,18.31111932,1.81837E+12,117.2091831,26.37828806,0,33.94886669,7.570578622
288,12,67.83120342,0.061496047,3843.101524,63.83120342,2.645550338,54.23284468,4.925050569,20.13019326,1.81907E+12,117.2097048,26.37885998,0,33.94946088,7.570600906
312,13,67.8312279,0.061496071,2827.892178,63.8312279,2.64555144,54.23286308,4.925052515,21.95163805,1.82144E+12,117.2097758,26.37894693,0,33.94955089,7.570603955
336,14,67.83123104,0.061496074,2080.854754,63.83123104,2.645551582,54.23286544,4.925052765,23.77890938,1.82727E+12,117.2097849,26.37895892,0,33.94956327,7.570604347
360,15,67.83123141,0.061496074,1531.159134,63.83123141,2.645551599,54.23286572,4.925052795,25.61787845,1.83897E+12,117.2097859,26.37896067,0,33.94956506,7.570604394
384,16,67.83123145,0.061496074,1126.675455,63.83123145,2.645551601,54.23286575,4.925052798,27.47714691,1.85927E+12,117.2097861,26.37896085,0,33.94956525,7.5706044
408,17,67.83123146,0.061496074,829.0435183,63.83123146,2.645551601,54.23286576,4.925052799,29.36790941,1.89076E+12,117.2097861,26.37896087,0,33.94956527,7.5706044
432,18,67.83123146,0.061496074,610.0365018,63.83123146,2.645551601,54.23286576,4.925052799,31.30332783,1.93542E+12,117.2097861,26.37896087,0,33.94956527,7.5706044
456,19,67.83123146,0.061496074,448.8841964,63.83123146,2.645551601,54.23286576,4.925052799,33.29748906,1.99416E+12,117.2097861,26.37896087,0,33.94956527,7.5706044
480,20,67.83123146,0.061496074,330.3032214,63.83123146,2.645551601,54.23286576,4.925052799,35.36409828,6912968534,117.2097861,26.37896087,0,33.94956527,7.5706044
504,21,67.83123146,0.061496074,243.047581,63.83123146,2.645551601,54.23286576,4.925052799,37.51510362,225966322.3,117.2097861,26.37896087,0,33.94956527,7.5706044
528,22,67.83123146,0.061496074,178.8421148,63.83123146,2.645551601,54.23286576,4.925052799,39.75946128,12544093.01,117.2097861,26.37896087,0,33.94956527,7.5706044
552,23,67.83123146,0.061496074,131.5976974,63.83123146,2.645551601,54.23286576,4.925052799,42.10224749,1389213.497,117.2097861,26.37896087,0,33.94956527,7.5706044
576,24,67.83123146,0.061496074,96.83375742,63.83123146,2.645551601,54.23286576,4.925052799,44.54430779,236959.8439,117.2097861,26.37896087,0,33.94956527,7.5706044
600,25,67.83123146,0.061496074,71.25334837,63.83123146,2.645551601,54.23286576,4.925052799,47.08260398,54149.6741,117.2097861,26.37896087,0,33.94956527,7.5706044
624,26,67.83123146,0.061496074,52.43047249,63.83123146,2.645551601,54.23286576,4.925052799,49.71136513,15322.79437,117.2097861,26.37896087,0,33.94956527,7.5706044
648,27,67.83123146,0.061496074,38.58000373,63.83123146,2.645551601,54.23286576,4.925052799,52.42406848,5114.060067,117.2097861,26.37896087,0,33.94956527,7.5706044
672,28,67.83123146,0.061496074,28.38838975,63.83123146,2.645551601,54.23286576,4.925052799,55.2161736,1949.995303,117.2097861,26.37896087,0,33.94956527,7.5706044
696,29,67.83123146,0.061496074,20.8890771,63.83123146,2.645551601,54.23286576,4.925052799,58.08842177,831.4161135,117.2097861,26.37896087,0,33.94956527,7.5706044
720,30,67.83123146,0.061496074,15.37084513,63.83123146,2.645551601,54.23286576,4.925052799,61.05040912,390.6809377,117.2097861,26.37896087,0,33.94956527,7.5706044
744,31,67.83123146,0.061496074,11.31035512,63.83123146,2.645551601,54.23286576,4.925052799,64.12406574,200.3661098,117.2097861,26.37896087,0,33.94956527,7.5706044
768,32,67.83123146,0.061496074,8.322517849,63.83123146,2.645551601,54.23286576,4.925052799,67.3466351,111.4184002,117.2097861,26.37896087,0,33.94956527,7.5706044
792,33,67.83123146,0.061496074,6.123972471,63.83123146,2.645551601,54.23286576,4.925052799,70.77275819,66.84397884,117.2097861,26.37896087,0,33.94956527,7.5706044
816,34,67.83123146,0.061496074,4.506213087,63.83123146,2.645551601,54.23286576,4.925052799,74.47532381,43.0644431,117.2097861,26.37896087,0,33.94956527,7.5706044
840,35,67.83123146,0.061496074,3.315814449,63.83123146,2.645551601,54.23286576,4.925052799,78.54484567,29.63568288,117.2097861,26.37896087,0,33.94956527,7.5706044
864,36,67.83123146,0.061496074,2.439881395,63.83123146,2.645551601,54.23286576,4.925052799,83.08725745,21.64514492,117.2097861,26.37896087,0,33.94956527,7.5706044
888,37,67.83123146,0.061496074,1.795342087,63.83123146,2.645551601,54.23286576,4.925052799,88.22016377,16.65536641,117.2097861,26.37896087,0,33.94956527,7.5706044
912,38,67.83123146,0.061496074,1.321069632,63.83123146,2.645551601,54.23286576,4.925052799,94.06773293,13.39745854,117.2097861,26.37896087,0,33.94956527,7.5706044
936,39,67.83123146,0.061496074,0.972084925,63.83123146,2.645551601,54.23286576,4.925052799,100.7545491,11.18142661,117.2097861,26.37896087,0,33.94956527,7.5706044
960,40,67.83123146,0.061496074,0.715290915,63.83123146,2.645551601,54.23286576,4.925052799,108.3988438,9.616776619,117.2097861,26.37896087,0,33.94956527,7.5706044
984,41,67.83123146,0.061341424,0.51906435,63.83123146,2.645551601,54.09735462,4.912522027,117.1055892,8.474214849,116.9330029,26.33885455,0.012530772,33.90945895,7.5706044
1008,42,67.83123146,0.06106406,0.371605045,63.83123146,2.645551601,53.85435806,4.890040998,126.9599508,7.614414572,116.4541842,26.27001875,0.035011801,33.84062315,7.5706044
1032,43,67.83123146,0.060694923,0.262551861,63.83123146,2.645551601,53.53101243,4.860112591,138.0215697,6.949970293,115.8418562,26.18263526,0.064940207,33.75323966,7.5706044
1056,44,67.83123146,0.06026285,0.183129263,63.83123146,2.645551601,53.15259449,4.82507156,150.3200707,6.424387697,115.1558361,26.08540574,0.099981239,33.65601014,7.5706044
1080,45,67.83123146,0.059793712,0.126132315,63.83123146,2.645551601,52.74177302,4.787014466,163.8520937,6.000117471,114.445715,25.98540394,0.138038332,33.55600834,7.5706044
1104,46,67.83123146,0.059309833,0.085805507,63.83123146,2.645551601,52.31809935,4.747751718,178.580018,5.651541533,113.7502798,25.88805534,0.177301081,33.45865974,7.5706044
1128,47,67.83123146,0.058829671,0.057662468,63.83123146,2.645551601,51.89773434,4.708781528,194.4324243,5.360750329,113.0977576,25.79722395,0.216271271,33.36782835,7.5706044
1152,48,67.83123146,0.058367758,0.038282754,63.83123146,2.645551601,51.49339254,4.671284061,211.3061699,5.114941084,112.506708,25.71537929,0.253768738,33.28598369,7.5706044
1176,49,67.83123146,0.057934836,0.025110827,63.83123146,2.645551601,51.11447126,4.63613282,229.0698269,4.904775859,111.9873599,25.6438148,0.288919979,33.2144192,7.5706044
1200,50,67.83123146,0.057538175,0.016272603,63.83123146,2.645551601,50.76732469,4.603919572,247.5681652,4.723318597,111.5431911,25.58288967,0.321133227,33.15349407,7.5706044
1224,51,67.83123146,0.057181999,0.010417365,63.83123146,2.645551601,50.45563926,4.574988796,266.6273616,4.565329527,111.1725693,25.53227036,0.350064003,33.10287476,7.5706044
1248,52,67.83123146,0.056867976,0.006587327,63.83123146,2.645551601,50.18086794,4.549477687,286.0606445,4.426786116,110.8703098,25.49115337,0.375575112,33.06175777,7.5706044
1272,53,67.83123146,0.056595745,0.00411376,63.83123146,2.645551601,49.94268476,4.527358142,305.6741243,4.304551694,110.629048,25.45845717,0.397694657,33.02906157,7.5706044
1296,54,67.83123146,0.056363414,0.002536651,63.83123146,2.645551601,49.73942794,4.508477772,325.2725934,4.196142811,110.4403684,25.43297682,0.416575027,33.00358122,7.5706044
1320,55,67.83123146,0.056168029,0.001544107,63.83123146,2.645551601,49.56850724,4.492597649,344.6651011,4.099564011,110.2956683,25.41349995,0.43245515,32.98410435,7.5706044
1344,56,67.83123146,0.056005982,0.000927648,63.83123146,2.645551601,49.42675939,4.479425299,363.6701261,4.013189338,110.1867666,25.3988867,0.4456275,32.9694911,7.5706044
1368,57,67.83123146,0.055873342,0.000549882,63.83123146,2.645551601,49.31074302,4.468642096,382.1201814,3.935676628,110.1062862,25.3881183,0.456410703,32.9587227,7.5706044
0,0,5,0.002,0.026845638,1,0,4,0.0001,0,0,0,0,0,0.0001,0.0001
24,1,5,0.00173045,-5.165750998,1,-0.00239862,4,-0.022212747,2.56007E-10,256.0068866,1.8548E-13,3.87719E-10,0,-0.024611367,-0.024611367
48,2,17.056,0.01623956,2574.051674,13.056,0.515518304,16.056,1.178819109,1.861650227,1.86165E+12,0.12056,4.589537644,0,6.283875057,1.694337413
72,3,29.112,0.026795917,6210.222425,25.112,1.019077272,25.12066165,2.052650938,3.723300454,1.86165E+12,2.5486384,4.385068883,0,7.456797093,3.07172821
96,4,41.168,0.037380877,10611.65239,37.168,1.517682827,34.18532331,2.928850378,5.565686048,1.84239E+12,37.47521486,4.563872186,0,9.010405391,4.446533206
120,5,53.224,0.048178334,15470.84641,49.224,2.020201522,43.24998496,3.822639877,7.395688794,1.83E+12,74.84881486,9.72902603,0,15.57186743,5.842841399
144,6,65.28,0.059156807,21093.44302,61.28,2.535286577,52.31464662,4.731413433,9.218918479,1.82323E+12,109.8112149,23.33115523,0,30.59785524,7.26670001
168,7,67.42773021,0.061122579,17347.50837,63.42773021,2.627966554,53.92948136,4.894135747,11.03787682,1.81896E+12,116.0396325,25.78116324,0,33.30326554,7.522102301
192,8,67.76753719,0.061436562,13039.30756,63.76753719,2.642752416,54.18497533,4.920126529,12.85623452,1.81836E+12,117.0250727,26.26974229,0,33.83262123,7.562878945
216,9,67.82142022,0.061486828,9635.813296,63.82142022,2.64511708,54.22548889,4.924287416,14.67450069,1.81827E+12,117.1813335,26.35832044,0,33.92772494,7.569404495
240,10,67.82977176,0.061494688,7096.403144,63.82977176,2.645486506,54.23176824,4.924938052,16.49275242,1.81825E+12,117.205553,26.3751931,0,33.94561766,7.570424558
264,11,67.83102353,0.061495875,5222.633636,63.83102353,2.645542274,54.23270942,4.925036348,18.31111932,1.81837E+12,117.2091831,26.37828806,0,33.94886669,7.570578622
288,12,67.83120342,0.061496047,3843.101524,63.83120342,2.645550338,54.23284468,4.925050569,20.13019326,1.81907E+12,117.2097048,26.37885998,0,33.94946088,7.570600906
312,13,67.8312279,0.061496071,2827.892178,63.8312279,2.64555144,54.23286308,4.925052515,21.95163805,1.82144E+12,117.2097758,26.37894693,0,33.94955089,7.570603955
336,14,67.83123104,0.061496074,2080.854754,63.83123104,2.645551582,54.23286544,4.925052765,23.77890938,1.82727E+12,117.2097849,26.37895892,0,33.94956327,7.570604347
360,15,67.83123141,0.061496074,1531.159134,63.83123141,2.645551599,54.23286572,4.925052795,25.61787845,1.83897E+12,117.2097859,26.37896067,0,33.94956506,7.570604394
384,16,67.83123145,0.061496074,1126.675455,63.83123145,2.645551601,54.23286575,4.925052798,27.47714691,1.85927E+12,117.2097861,26.37896085,0,33.94956525,7.5706044
408,17,67.83123146,0.061496074,829.0435183,63.83123146,2.645551601,54.23286576,4.925052799,29.36790941,1.89076E+12,117.2097861,26.37896087,0,33.94956527,7.5706044
432,18,67.83123146,0.061496074,610.0365018,63.83123146,2.645551601,54.23286576,4.925052799,31.30332783,1.93542E+12,117.2097861,26.37896087,0,33.94956527,7.5706044
456,19,67.83123146,0.061496074,448.8841964,63.83123146,2.645551601,54.23286576,4.925052799,33.29748906,1.99416E+12,117.2097861,26.37896087,0,33.94956527,7.5706044
480,20,67.83123146,0.061496074,330.3032214,63.83123146,2.645551601,54.23286576,4.925052799,35.36409828,6912968534,117.2097861,26.37896087,0,33.94956527,7.5706044
504,21,67.83123146,0.061496074,243.047581,63.83123146,2.645551601,54.23286576,4.925052799,37.51510362,225966322.3,117.2097861,26.37896087,0,33.94956527,7.5706044
528,22,67.83123146,0.061496074,178.8421148,63.83123146,2.645551601,54.23286576,4.925052799,39.75946128,12544093.01,117.2097861,26.37896087,0,33.94956527,7.5706044
552,23,67.83123146,0.061496074,131.5976974,63.83123146,2.645551601,54.23286576,4.925052799,42.10224749,1389213.497,117.2097861,26.37896087,0,33.94956527,7.5706044
576,24,67.83123146,0.061496074,96.83375742,63.83123146,2.645551601,54.23286576,4.925052799,44.54430779,236959.8439,117.2097861,26.37896087,0,33.94956527,7.5706044
600,25,67.83123146,0.061496074,71.25334837,63.83123146,2.645551601,54.23286576,4.925052799,47.08260398,54149.6741,117.2097861,26.37896087,0,33.94956527,7.5706044
624,26,67.83123146,0.061496074,52.43047249,63.83123146,2.645551601,54.23286576,4.925052799,49.71136513,15322.79437,117.2097861,26.37896087,0,33.94956527,7.5706044
648,27,67.83123146,0.061496074,38.58000373,63.83123146,2.645551601,54.23286576,4.925052799,52.42406848,5114.060067,117.2097861,26.37896087,0,33.94956527,7.5706044
672,28,67.83123146,0.061496074,28.38838975,63.83123146,2.645551601,54.23286576,4.925052799,55.2161736,1949.995303,117.2097861,26.37896087,0,33.94956527,7.5706044
696,29,67.83123146,0.061496074,20.8890771,63.83123146,2.645551601,54.23286576,4.925052799,58.08842177,831.4161135,117.2097861,26.37896087,0,33.94956527,7.5706044
720,30,67.83123146,0.061496074,15.37084513,63.83123146,2.645551601,54.23286576,4.925052799,61.05040912,390.6809377,117.2097861,26.37896087,0,33.94956527,7.5706044
744,31,67.83123146,0.061496074,11.31035512,63.83123146,2.645551601,54.23286576,4.925052799,64.12406574,200.3661098,117.2097861,26.37896087,0,33.94956527,7.5706044
768,32,67.83123146,0.061496074,8.322517849,63.83123146,2.645551601,54.23286576,4.925052799,67.3466351,111.4184002,117.2097861,26.37896087,0,33.94956527,7.5706044
792,33,67.83123146,0.061496074,6.123972471,63.83123146,2.645551601,54.23286576,4.925052799,70.77275819,66.84397884,117.2097861,26.37896087,0,33.94956527,7.5706044
816,34,67.83123146,0.061496074,4.506213087,63.83123146,2.645551601,54.23286576,4.925052799,74.47532381,43.0644431,117.2097861,26.37896087,0,33.94956527,7.5706044
840,35,67.83123146,0.061496074,3.315814449,63.83123146,2.645551601,54.23286576,4.925052799,78.54484567,29.63568288,117.2097861,26.37896087,0,33.94956527,7.5706044
864,36,67.83123146,0.061496074,2.439881395,63.83123146,2.645551601,54.23286576,4.925052799,83.08725745,21.64514492,117.2097861,26.37896087,0,33.94956527,7.5706044
888,37,67.83123146,0.061496074,1.795342087,63.83123146,2.645551601,54.23286576,4.925052799,88.22016377,16.65536641,117.2097861,26.37896087,0,33.94956527,7.5706044
912,38,67.83123146,0.061496074,1.321069632,63.83123146,2.645551601,54.23286576,4.925052799,94.06773293,13.39745854,117.2097861,26.37896087,0,33.94956527,7.5706044
936,39,67.83123146,0.061496074,0.972084925,63.83123146,2.645551601,54.23286576,4.925052799,100.7545491,11.18142661,117.2097861,26.37896087,0,33.94956527,7.5706044
960,40,67.83123146,0.061496074,0.715290915,63.83123146,2.645551601,54.23286576,4.925052799,108.3988438,9.616776619,117.2097861,26.37896087,0,33.94956527,7.5706044
984,41,67.83123146,0.061341424,0.51906435,63.83123146,2.645551601,54.09735462,4.912522027,117.1055892,8.474214849,116.9330029,26.33885455,0.012530772,33.90945895,7.5706044
1008,42,67.83123146,0.06106406,0.371605045,63.83123146,2.645551601,53.85435806,4.890040998,126.9599508,7.614414572,116.4541842,26.27001875,0.035011801,33.84062315,7.5706044
1032,43,67.83123146,0.060694923,0.262551861,63.83123146,2.645551601,53.53101243,4.860112591,138.0215697,6.949970293,115.8418562,26.18263526,0.064940207,33.75323966,7.5706044
1056,44,67.83123146,0.06026285,0.183129263,63.83123146,2.645551601,53.15259449,4.82507156,150.3200707,6.424387697,115.1558361,26.08540574,0.099981239,33.65601014,7.5706044
1080,45,67.83123146,0.059793712,0.126132315,63.83123146,2.645551601,52.74177302,4.787014466,163.8520937,6.000117471,114.445715,25.98540394,0.138038332,33.55600834,7.5706044
1104,46,67.83123146,0.059309833,0.085805507,63.83123146,2.645551601,52.31809935,4.747751718,178.580018,5.651541533,113.7502798,25.88805534,0.177301081,33.45865974,7.5706044
1128,47,67.83123146,0.058829671,0.057662468,63.83123146,2.645551601,51.89773434,4.708781528,194.4324243,5.360750329,113.0977576,25.79722395,0.216271271,33.36782835,7.5706044
1152,48,67.83123146,0.058367758,0.038282754,63.83123146,2.645551601,51.49339254,4.671284061,211.3061699,5.114941084,112.506708,25.71537929,0.253768738,33.28598369,7.5706044
1176,49,67.83123146,0.057934836,0.025110827,63.83123146,2.645551601,51.11447126,4.63613282,229.0698269,4.904775859,111.9873599,25.6438148,0.288919979,33.2144192,7.5706044
1200,50,67.83123146,0.057538175,0.016272603,63.83123146,2.645551601,50.76732469,4.603919572,247.5681652,4.723318597,111.5431911,25.58288967,0.321133227,33.15349407,7.5706044
1224,51,67.83123146,0.057181999,0.010417365,63.83123146,2.645551601,50.45563926,4.574988796,266.6273616,4.565329527,111.1725693,25.53227036,0.350064003,33.10287476,7.5706044
1248,52,67.83123146,0.056867976,0.006587327,63.83123146,2.645551601,50.18086794,4.549477687,286.0606445,4.426786116,110.8703098,25.49115337,0.375575112,33.06175777,7.5706044
1272,53,67.83123146,0.056595745,0.00411376,63.83123146,2.645551601,49.94268476,4.527358142,305.6741243,4.304551694,110.629048,25.45845717,0.397694657,33.02906157,7.5706044
1296,54,67.83123146,0.056363414,0.002536651,63.83123146,2.645551601,49.73942794,4.508477772,325.2725934,4.196142811,110.4403684,25.43297682,0.416575027,33.00358122,7.5706044
1320,55,67.83123146,0.056168029,0.001544107,63.83123146,2.645551601,49.56850724,4.492597649,344.6651011,4.099564011,110.2956683,25.41349995,0.43245515,32.98410435,7.5706044
1344,56,67.83123146,0.056005982,0.000927648,63.83123146,2.645551601,49.42675939,4.479425299,363.6701261,4.013189338,110.1867666,25.3988867,0.4456275,32.9694911,7.5706044
1368,57,67.83123146,0.055873342,0.000549882,63.83123146,2.645551601,49.31074302,4.468642096,382.1201814,3.935676628,110.1062862,25.3881183,0.456410703,32.9587227,7.5706044
0,0,5,0.002,0.026845638,1,0,4,0.0001,0,0,0,0,0,0.0001,0.0001
24,1,5,0.00173045,-5.165750998,1,-0.00239862,4,-0.022212747,2.56007E-10,256.0068866,1.8548E-13,3.87719E-10,0,-0.024611367,-0.024611367
48,2,17.056,0.01623956,2574.051674,13.056,0.515518304,16.056,1.178819109,1.861650227,1.86165E+12,0.12056,4.589537644,0,6.283875057,1.694337413
72,3,29.112,0.026795917,6210.222425,25.112,1.019077272,25.12066165,2.052650938,3.723300454,1.86165E+12,2.5486384,4.385068883,0,7.456797093,3.07172821
96,4,41.168,0.037380877,10611.65239,37.168,1.517682827,34.18532331,2.928850378,5.565686048,1.84239E+12,37.47521486,4.563872186,0,9.010405391,4.446533206
120,5,53.224,0.048178334,15470.84641,49.224,2.020201522,43.24998496,3.822639877,7.395688794,1.83E+12,74.84881486,9.72902603,0,15.57186743,5.842841399
144,6,65.28,0.059156807,21093.44302,61.28,2.535286577,52.31464662,4.731413433,9.218918479,1.82323E+12,109.8112149,23.33115523,0,30.59785524,7.26670001
168,7,67.42773021,0.061122579,17347.50837,63.42773021,2.627966554,53.92948136,4.894135747,11.03787682,1.81896E+12,116.0396325,25.78116324,0,33.30326554,7.522102301
192,8,67.76753719,0.061436562,13039.30756,63.76753719,2.642752416,54.18497533,4.920126529,12.85623452,1.81836E+12,117.0250727,26.26974229,0,33.83262123,7.562878945
216,9,67.82142022,0.061486828,9635.813296,63.82142022,2.64511708,54.22548889,4.924287416,14.67450069,1.81827E+12,117.1813335,26.35832044,0,33.92772494,7.569404495
240,10,67.82977176,0.061494688,7096.403144,63.82977176,2.645486506,54.23176824,4.924938052,16.49275242,1.81825E+12,117.205553,26.3751931,0,33.94561766,7.570424558
264,11,67.83102353,0.061495875,5222.633636,63.83102353,2.645542274,54.23270942,4.925036348,18.31111932,1.81837E+12,117.2091831,26.37828806,0,33.94886669,7.570578622
288,12,67.83120342,0.061496047,3843.101524,63.83120342,2.645550338,54.23284468,4.925050569,20.13019326,1.81907E+12,117.2097048,26.37885998,0,33.94946088,7.570600906
312,13,67.8312279,0.061496071,2827.892178,63.8312279,2.64555144,54.23286308,4.925052515,21.95163805,1.82144E+12,117.2097758,26.37894693,0,33.94955089,7.570603955
336,14,67.83123104,0.061496074,2080.854754,63.83123104,2.645551582,54.23286544,4.925052765,23.77890938,1.82727E+12,117.2097849,26.37895892,0,33.94956327,7.570604347
360,15,67.83123141,0.061496074,1531.159134,63.83123141,2.645551599,54.23286572,4.925052795,25.61787845,1.83897E+12,117.2097859,26.37896067,0,33.94956506,7.570604394
384,16,67.83123145,0.061496074,1126.675455,63.83123145,2.645551601,54.23286575,4.925052798,27.47714691,1.85927E+12,117.2097861,26.37896085,0,33.94956525,7.5706044
408,17,67.83123146,0.061496074,829.0435183,63.83123146,2.645551601,54.23286576,4.925052799,29.36790941,1.89076E+12,117.2097861,26.37896087,0,33.94956527,7.5706044
432,18,67.83123146,0.061496074,610.0365018,63.83123146,2.645551601,54.23286576,4.925052799,31.30332783,1.93542E+12,117.2097861,26.37896087,0,33.94956527,7.5706044
456,19,67.83123146,0.061496074,448.8841964,63.83123146,2.645551601,54.23286576,4.925052799,33.29748906,1.99416E+12,117.2097861,26.37896087,0,33.94956527,7.5706044
480,20,67.83123146,0.061496074,330.3032214,63.83123146,2.645551601,54.23286576,4.925052799,35.36409828,6912968534,117.2097861,26.37896087,0,33.94956527,7.5706044
504,21,67.83123146,0.061496074,243.047581,63.83123146,2.645551601,54.23286576,4.925052799,37.51510362,225966322.3,117.2097861,26.37896087,0,33.94956527,7.5706044
528,22,67.83123146,0.061496074,178.8421148,63.83123146,2.645551601,54.23286576,4.925052799,39.75946128,12544093.01,117.2097861,26.37896087,0,33.94956527,7.5706044
552,23,67.83123146,0.061496074,131.5976974,63.83123146,2.645551601,54.23286576,4.925052799,42.10224749,1389213.497,117.2097861,26.37896087,0,33.94956527,7.5706044
576,24,67.83123146,0.061496074,96.83375742,63.83123146,2.645551601,54.23286576,4.925052799,44.54430779,236959.8439,117.2097861,26.37896087,0,33.94956527,7.5706044
600,25,67.83123146,0.061496074,71.25334837,63.83123146,2.645551601,54.23286576,4.925052799,47.08260398,54149.6741,117.2097861,26.37896087,0,33.94956527,7.5706044
624,26,67.83123146,0.061496074,52.43047249,63.83123146,2.645551601,54.23286576,4.925052799,49.71136513,15322.79437,117.2097861,26.37896087,0,33.94956527,7.5706044
648,27,67.83123146,0.061496074,38.58000373,63.83123146,2.645551601,54.23286576,4.925052799,52.42406848,5114.060067,117.2097861,26.37896087,0,33.94956527,7.5706044
672,28,67.83123146,0.061496074,28.38838975,63.83123146,2.645551601,54.23286576,4.925052799,55.2161736,1949.995303,117.2097861,26.37896087,0,33.94956527,7.5706044
696,29,67.83123146,0.061496074,20.8890771,63.83123146,2.645551601,54.23286576,4.925052799,58.08842177,831.4161135,117.2097861,26.37896087,0,33.94956527,7.5706044
720,30,67.83123146,0.061496074,15.37084513,63.83123146,2.645551601,54.23286576,4.925052799,61.05040912,390.6809377,117.2097861,26.37896087,0,33.94956527,7.5706044
744,31,67.83123146,0.061496074,11.31035512,63.83123146,2.645551601,54.23286576,4.925052799,64.12406574,200.3661098,117.2097861,26.37896087,0,33.94956527,7.5706044
768,32,67.83123146,0.061496074,8.322517849,63.83123146,2.645551601,54.23286576,4.925052799,67.3466351,111.4184002,117.2097861,26.37896087,0,33.94956527,7.5706044
792,33,67.83123146,0.061496074,6.123972471,63.83123146,2.645551601,54.23286576,4.925052799,70.77275819,66.84397884,117.2097861,26.37896087,0,33.94956527,7.5706044
816,34,67.83123146,0.061496074,4.506213087,63.83123146,2.645551601,54.23286576,4.925052799,74.47532381,43.0644431,117.2097861,26.37896087,0,33.94956527,7.5706044
840,35,67.83123146,0.061496074,3.315814449,63.83123146,2.645551601,54.23286576,4.925052799,78.54484567,29.63568288,117.2097861,26.37896087,0,33.94956527,7.5706044
864,36,67.83123146,0.061496074,2.439881395,63.83123146,2.645551601,54.23286576,4.925052799,83.08725745,21.64514492,117.2097861,26.37896087,0,33.94956527,7.5706044
888,37,67.83123146,0.061496074,1.795342087,63.83123146,2.645551601,54.23286576,4.925052799,88.22016377,16.65536641,117.2097861,26.37896087,0,33.94956527,7.5706044
912,38,67.83123146,0.061496074,1.321069632,63.83123146,2.645551601,54.23286576,4.925052799,94.06773293,13.39745854,117.2097861,26.37896087,0,33.94956527,7.5706044
936,39,67.83123146,0.061496074,0.972084925,63.83123146,2.645551601,54.23286576,4.925052799,100.7545491,11.18142661,117.2097861,26.37896087,0,33.94956527,7.5706044
960,40,67.83123146,0.061496074,0.715290915,63.83123146,2.645551601,54.23286576,4.925052799,108.3988438,9.616776619,117.2097861,26.37896087,0,33.94956527,7.5706044
984,41,67.83123146,0.061341424,0.51906435,63.83123146,2.645551601,54.09735462,4.912522027,117.1055892,8.474214849,116.9330029,26.33885455,0.012530772,33.90945895,7.5706044
1008,42,67.83123146,0.06106406,0.371605045,63.83123146,2.645551601,53.85435806,4.890040998,126.9599508,7.614414572,116.4541842,26.27001875,0.035011801,33.84062315,7.5706044
1032,43,67.83123146,0.060694923,0.262551861,63.83123146,2.645551601,53.53101243,4.860112591,138.0215697,6.949970293,115.8418562,26.18263526,0.064940207,33.75323966,7.5706044
1056,44,67.83123146,0.06026285,0.183129263,63.83123146,2.645551601,53.15259449,4.82507156,150.3200707,6.424387697,115.1558361,26.08540574,0.099981239,33.65601014,7.5706044
1080,45,67.83123146,0.059793712,0.126132315,63.83123146,2.645551601,52.74177302,4.787014466,163.8520937,6.000117471,114.445715,25.98540394,0.138038332,33.55600834,7.5706044
1104,46,67.83123146,0.059309833,0.085805507,63.83123146,2.645551601,52.31809935,4.747751718,178.580018,5.651541533,113.7502798,25.88805534,0.177301081,33.45865974,7.5706044
1128,47,67.83123146,0.058829671,0.057662468,63.83123146,2.645551601,51.89773434,4.708781528,194.4324243,5.360750329,113.0977576,25.79722395,0.216271271,33.36782835,7.5706044
1152,48,67.83123146,0.058367758,0.038282754,63.83123146,2.645551601,51.49339254,4.671284061,211.3061699,5.114941084,112.506708,25.71537929,0.253768738,33.28598369,7.5706044
1176,49,67.83123146,0.057934836,0.025110827,63.83123146,2.645551601,51.11447126,4.63613282,229.0698269,4.904775859,111.9873599,25.6438148,0.288919979,33.2144192,7.5706044
1200,50,67.83123146,0.057538175,0.016272603,63.83123146,2.645551601,50.76732469,4.603919572,247.5681652,4.723318597,111.5431911,25.58288967,0.321133227,33.15349407,7.5706044
1224,51,67.83123146,0.057181999,0.010417365,63.83123146,2.645551601,50.45563926,4.574988796,266.6273616,4.565329527,111.1725693,25.53227036,0.350064003,33.10287476,7.5706044
1248,52,67.83123146,0.056867976,0.006587327,63.83123146,2.645551601,50.18086794,4.549477687,286.0606445,4.426786116,110.8703098,25.49115337,0.375575112,33.06175777,7.5706044
1272,53,67.83123146,0.056595745,0.00411376,63.83123146,2.645551601,49.94268476,4.527358142,305.6741243,4.304551694,110.629048,25.45845717,0.397694657,33.02906157,7.5706044
1296,54,67.83123146,0.056363414,0.002536651,63.83123146,2.645551601,49.73942794,4.508477772,325.2725934,4.196142811,110.4403684,25.43297682,0.416575027,33.00358122,7.5706044
1320,55,67.83123146,0.056168029,0.001544107,63.83123146,2.645551601,49.56850724,4.492597649,344.6651011,4.099564011,110.2956683,25.41349995,0.43245515,32.98410435,7.5706044
1344,56,67.83123146,0.056005982,0.000927648,63.83123146,2.645551601,49.42675939,4.479425299,363.6701261,4.013189338,110.1867666,25.3988867,0.4456275,32.9694911,7.5706044
1368,57,67.83123146,0.055873342,0.000549882,63.83123146,2.645551601,49.31074302,4.468642096,382.1201814,3.935676628,110.1062862,25.3881183,0.456410703,32.9587227,7.5706044
0,0,5,0.002,0.026845638,1,0,4,0.0001,0,0,0,0,0,0.0001,0.0001
24,1,5,0.00173045,-5.165750998,1,-0.00239862,4,-0.022212747,2.56007E-10,256.0068866,1.8548E-13,3.87719E-10,0,-0.024611367,-0.024611367
48,2,17.056,0.01623956,2574.051674,13.056,0.515518304,16.056,1.178819109,1.861650227,1.86165E+12,0.12056,4.589537644,0,6.283875057,1.694337413
72,3,29.112,0.026795917,6210.222425,25.112,1.019077272,25.12066165,2.052650938,3.723300454,1.86165E+12,2.5486384,4.385068883,0,7.456797093,3.07172821
96,4,41.168,0.037380877,10611.65239,37.168,1.517682827,34.18532331,2.928850378,5.565686048,1.84239E+12,37.47521486,4.563872186,0,9.010405391,4.446533206
120,5,53.224,0.048178334,15470.84641,49.224,2.020201522,43.24998496,3.822639877,7.395688794,1.83E+12,74.84881486,9.72902603,0,15.57186743,5.842841399
144,6,65.28,0.059156807,21093.44302,61.28,2.535286577,52.31464662,4.731413433,9.218918479,1.82323E+12,109.8112149,23.33115523,0,30.59785524,7.26670001
168,7,67.42773021,0.061122579,17347.50837,63.42773021,2.627966554,53.92948136,4.894135747,11.03787682,1.81896E+12,116.0396325,25.78116324,0,33.30326554,7.522102301
192,8,67.76753719,0.061436562,13039.30756,63.76753719,2.642752416,54.18497533,4.920126529,12.85623452,1.81836E+12,117.0250727,26.26974229,0,33.83262123,7.562878945
216,9,67.82142022,0.061486828,9635.813296,63.82142022,2.64511708,54.22548889,4.924287416,14.67450069,1.81827E+12,117.1813335,26.35832044,0,33.92772494,7.569404495
240,10,67.82977176,0.061494688,7096.403144,63.82977176,2.645486506,54.23176824,4.924938052,16.49275242,1.81825E+12,117.205553,26.3751931,0,33.94561766,7.570424558
264,11,67.83102353,0.061495875,5222.633636,63.83102353,2.645542274,54.23270942,4.925036348,18.31111932,1.81837E+12,117.2091831,26.37828806,0,33.94886669,7.570578622
288,12,67.83120342,0.061496047,3843.101524,63.83120342,2.645550338,54.23284468,4.925050569,20.13019326,1.81907E+12,117.2097048,26.37885998,0,33.94946088,7.570600906
312,13,67.8312279,0.061496071,2827.892178,63.8312279,2.64555144,54.23286308,4.925052515,21.95163805,1.82144E+12,117.2097758,26.37894693,0,33.94955089,7.570603955
336,14,67.83123104,0.061496074,2080.854754,63.83123104,2.645551582,54.23286544,4.925052765,23.77890938,1.82727E+12,117.2097849,26.37895892,0,33.94956327,7.570604347
360,15,67.83123141,0.061496074,1531.159134,63.83123141,2.645551599,54.23286572,4.925052795,25.61787845,1.83897E+12,117.2097859,26.37896067,0,33.94956506,7.570604394
384,16,67.83123145,0.061496074,1126.675455,63.83123145,2.645551601,54.23286575,4.925052798,27.47714691,1.85927E+12,117.2097861,26.37896085,0,33.94956525,7.5706044
408,17,67.83123146,0.061496074,829.0435183,63.83123146,2.645551601,54.23286576,4.925052799,29.36790941,1.89076E+12,117.2097861,26.37896087,0,33.94956527,7.5706044
432,18,67.83123146,0.061496074,610.0365018,63.83123146,2.645551601,54.23286576,4.925052799,31.30332783,1.93542E+12,117.2097861,26.37896087,0,33.94956527,7.5706044
456,19,67.83123146,0.061496074,448.8841964,63.83123146,2.645551601,54.23286576,4.925052799,33.29748906,1.99416E+12,117.2097861,26.37896087,0,33.94956527,7.5706044
480,20,67.83123146,0.061496074,330.3032214,63.83123146,2.645551601,54.23286576,4.925052799,35.36409828,6912968534,117.2097861,26.37896087,0,33.94956527,7.5706044
504,21,67.83123146,0.061496074,243.047581,63.83123146,2.645551601,54.23286576,4.925052799,37.51510362,225966322.3,117.2097861,26.37896087,0,33.94956527,7.5706044
528,22,67.83123146,0.061496074,178.8421148,63.83123146,2.645551601,54.23286576,4.925052799,39.75946128,12544093.01,117.2097861,26.37896087,0,33.94956527,7.5706044
552,23,67.83123146,0.061496074,131.5976974,63.83123146,2.645551601,54.23286576,4.925052799,42.10224749,1389213.497,117.2097861,26.37896087,0,33.94956527,7.5706044
576,24,67.83123146,0.061496074,96.83375742,63.83123146,2.645551601,54.23286576,4.925052799,44.54430779,236959.8439,117.2097861,26.37896087,0,33.94956527,7.5706044
600,25,67.83123146,0.061496074,71.25334837,63.83123146,2.645551601,54.23286576,4.925052799,47.08260398,54149.6741,117.2097861,26.37896087,0,33.94956527,7.5706044
624,26,67.83123146,0.061496074,52.43047249,63.83123146,2.645551601,54.23286576,4.925052799,49.71136513,15322.79437,117.2097861,26.37896087,0,33.94956527,7.5706044
648,27,67.83123146,0.061496074,38.58000373,63.83123146,2.645551601,54.23286576,4.925052799,52.42406848,5114.060067,117.2097861,26.37896087,0,33.94956527,7.5706044
672,28,67.83123146,0.061496074,28.38838975,63.83123146,2.645551601,54.23286576,4.925052799,55.2161736,1949.995303,117.2097861,26.37896087,0,33.94956527,7.5706044
696,29,67.83123146,0.061496074,20.8890771,63.83123146,2.645551601,54.23286576,4.925052799,58.08842177,831.4161135,117.2097861,26.37896087,0,33.94956527,7.5706044
720,30,67.83123146,0.061496074,15.37084513,63.83123146,2.645551601,54.23286576,4.925052799,61.05040912,390.6809377,117.2097861,26.37896087,0,33.94956527,7.5706044
744,31,67.83123146,0.061496074,11.31035512,63.83123146,2.645551601,54.23286576,4.925052799,64.12406574,200.3661098,117.2097861,26.37896087,0,33.94956527,7.5706044
768,32,67.83123146,0.061496074,8.322517849,63.83123146,2.645551601,54.23286576,4.925052799,67.3466351,111.4184002,117.2097861,26.37896087,0,33.94956527,7.5706044
792,33,67.83123146,0.061496074,6.123972471,63.83123146,2.645551601,54.23286576,4.925052799,70.77275819,66.84397884,117.2097861,26.37896087,0,33.94956527,7.5706044
816,34,67.83123146,0.061496074,4.506213087,63.83123146,2.645551601,54.23286576,4.925052799,74.47532381,43.0644431,117.2097861,26.37896087,0,33.94956527,7.5706044
840,35,67.83123146,0.061496074,3.315814449,63.83123146,2.645551601,54.23286576,4.925052799,78.54484567,29.63568288,117.2097861,26.37896087,0,33.94956527,7.5706044
864,36,67.83123146,0.061496074,2.439881395,63.83123146,2.645551601,54.23286576,4.925052799,83.08725745,21.64514492,117.2097861,26.37896087,0,33.94956527,7.5706044
888,37,67.83123146,0.061496074,1.795342087,63.83123146,2.645551601,54.23286576,4.925052799,88.22016377,16.65536641,117.2097861,26.37896087,0,33.94956527,7.5706044
912,38,67.83123146,0.061496074,1.321069632,63.83123146,2.645551601,54.23286576,4.925052799,94.06773293,13.39745854,117.2097861,26.37896087,0,33.94956527,7.5706044
936,39,67.83123146,0.061496074,0.972084925,63.83123146,2.645551601,54.23286576,4.925052799,100.7545491,11.18142661,117.2097861,26.37896087,0,33.94956527,7.5706044
960,40,67.83123146,0.061496074,0.715290915,63.83123146,2.645551601,54.23286576,4.925052799,108.3988438,9.616776619,117.2097861,26.37896087,0,33.94956527,7.5706044
984,41,67.83123146,0.061341424,0.51906435,63.83123146,2.645551601,54.09735462,4.912522027,117.1055892,8.474214849,116.9330029,26.33885455,0.012530772,33.90945895,7.5706044
1008,42,67.83123146,0.06106406,0.371605045,63.83123146,2.645551601,53.85435806,4.890040998,126.9599508,7.614414572,116.4541842,26.27001875,0.035011801,33.84062315,7.5706044
1032,43,67.83123146,0.060694923,0.262551861,63.83123146,2.645551601,53.53101243,4.860112591,138.0215697,6.949970293,115.8418562,26.18263526,0.064940207,33.75323966,7.5706044
1056,44,67.83123146,0.06026285,0.183129263,63.83123146,2.645551601,53.15259449,4.82507156,150.3200707,6.424387697,115.1558361,26.08540574,0.099981239,33.65601014,7.5706044
1080,45,67.83123146,0.059793712,0.126132315,63.83123146,2.645551601,52.74177302,4.787014466,163.8520937,6.000117471,114.445715,25.98540394,0.138038332,33.55600834,7.5706044
1104,46,67.83123146,0.059309833,0.085805507,63.83123146,2.645551601,52.31809935,4.747751718,178.580018,5.651541533,113.7502798,25.88805534,0.177301081,33.45865974,7.5706044
1128,47,67.83123146,0.058829671,0.057662468,63.83123146,2.645551601,51.89773434,4.708781528,194.4324243,5.360750329,113.0977576,25.79722395,0.216271271,33.36782835,7.5706044
1152,48,67.83123146,0.058367758,0.038282754,63.83123146,2.645551601,51.49339254,4.671284061,211.3061699,5.114941084,112.506708,25.71537929,0.253768738,33.28598369,7.5706044
1176,49,67.83123146,0.057934836,0.025110827,63.83123146,2.645551601,51.11447126,4.63613282,229.0698269,4.904775859,111.9873599,25.6438148,0.288919979,33.2144192,7.5706044
1200,50,67.83123146,0.057538175,0.016272603,63.83123146,2.645551601,50.76732469,4.603919572,247.5681652,4.723318597,111.5431911,25.58288967,0.321133227,33.15349407,7.5706044
1224,51,67.83123146,0.057181999,0.010417365,63.83123146,2.645551601,50.45563926,4.574988796,266.6273616,4.565329527,111.1725693,25.53227036,0.350064003,33.10287476,7.5706044
1248,52,67.83123146,0.056867976,0.006587327,63.83123146,2.645551601,50.18086794,4.549477687,286.0606445,4.426786116,110.8703098,25.49115337,0.375575112,33.06175777,7.5706044
1272,53,67.83123146,0.056595745,0.00411376,63.83123146,2.645551601,49.94268476,4.527358142,305.6741243,4.304551694,110.629048,25.45845717,0.397694657,33.02906157,7.5706044
1296,54,67.83123146,0.056363414,0.002536651,63.83123146,2.645551601,49.73942794,4.508477772,325.2725934,4.196142811,110.4403684,25.43297682,0.416575027,33.00358122,7.5706044
1320,55,67.83123146,0.056168029,0.001544107,63.83123146,2.645551601,49.56850724,4.492597649,344.6651011,4.099564011,110.2956683,25.41349995,0.43245515,32.98410435,7.5706044
1344,56,67.83123146,0.056005982,0.000927648,63.83123146,2.645551601,49.42675939,4.479425299,363.6701261,4.013189338,110.1867666,25.3988867,0.4456275,32.9694911,7.5706044
1368,57,67.83123146,0.055873342,0.000549882,63.83123146,2.645551601,49.31074302,4.468642096,382.1201814,3.935676628,110.1062862,25.3881183,0.456410703,32.9587227,7.5706044
0,0,5,0.002,0.026845638,1,0,4,0.0001,0,0,0,0,0,0.0001,0.0001
24,1,5,0.00173045,-5.165750998,1,-0.00239862,4,-0.022212747,2.56007E-10,256.0068866,1.8548E-13,3.87719E-10,0,-0.024611367,-0.024611367
48,2,17.056,0.01623956,2574.051674,13.056,0.515518304,16.056,1.178819109,1.861650227,1.86165E+12,0.12056,4.589537644,0,6.283875057,1.694337413
72,3,29.112,0.026795917,6210.222425,25.112,1.019077272,25.12066165,2.052650938,3.723300454,1.86165E+12,2.5486384,4.385068883,0,7.456797093,3.07172821
96,4,41.168,0.037380877,10611.65239,37.168,1.517682827,34.18532331,2.928850378,5.565686048,1.84239E+12,37.47521486,4.563872186,0,9.010405391,4.446533206
120,5,53.224,0.048178334,15470.84641,49.224,2.020201522,43.24998496,3.822639877,7.395688794,1.83E+12,74.84881486,9.72902603,0,15.57186743,5.842841399
144,6,65.28,0.059156807,21093.44302,61.28,2.535286577,52.31464662,4.731413433,9.218918479,1.82323E+12,109.8112149,23.33115523,0,30.59785524,7.26670001
168,7,67.42773021,0.061122579,17347.50837,63.42773021,2.627966554,53.92948136,4.894135747,11.03787682,1.81896E+12,116.0396325,25.78116324,0,33.30326554,7.522102301
192,8,67.76753719,0.061436562,13039.30756,63.76753719,2.642752416,54.18497533,4.920126529,12.85623452,1.81836E+12,117.0250727,26.26974229,0,33.83262123,7.562878945
216,9,67.82142022,0.061486828,9635.813296,63.82142022,2.64511708,54.22548889,4.924287416,14.67450069,1.81827E+12,117.1813335,26.35832044,0,33.92772494,7.569404495
240,10,67.82977176,0.061494688,7096.403144,63.82977176,2.645486506,54.23176824,4.924938052,16.49275242,1.81825E+12,117.205553,26.3751931,0,33.94561766,7.570424558
264,11,67.83102353,0.061495875,5222.633636,63.83102353,2.645542274,54.23270942,4.925036348,18.31111932,1.81837E+12,117.2091831,26.37828806,0,33.94886669,7.570578622
288,12,67.83120342,0.061496047,3843.101524,63.83120342,2.645550338,54.23284468,4.925050569,20.13019326,1.81907E+12,117.2097048,26.37885998,0,33.94946088,7.570600906
312,13,67.8312279,0.061496071,2827.892178,63.8312279,2.64555144,54.23286308,4.925052515,21.95163805,1.82144E+12,117.2097758,26.37894693,0,33.94955089,7.570603955
336,14,67.83123104,0.061496074,2080.854754,63.83123104,2.645551582,54.23286544,4.925052765,23.77890938,1.82727E+12,117.2097849,26.37895892,0,33.94956327,7.570604347
360,15,67.83123141,0.061496074,1531.159134,63.83123141,2.645551599,54.23286572,4.925052795,25.61787845,1.83897E+12,117.2097859,26.37896067,0,33.94956506,7.570604394
384,16,67.83123145,0.061496074,1126.675455,63.83123145,2.645551601,54.23286575,4.925052798,27.47714691,1.85927E+12,117.2097861,26.37896085,0,33.94956525,7.5706044
408,17,67.83123146,0.061496074,829.0435183,63.83123146,2.645551601,54.23286576,4.925052799,29.36790941,1.89076E+12,117.2097861,26.37896087,0,33.94956527,7.5706044
432,18,67.83123146,0.061496074,610.0365018,63.83123146,2.645551601,54.23286576,4.925052799,31.30332783,1.93542E+12,117.2097861,26.37896087,0,33.94956527,7.5706044
456,19,67.83123146,0.061496074,448.8841964,63.83123146,2.645551601,54.23286576,4.925052799,33.29748906,1.99416E+12,117.2097861,26.37896087,0,33.94956527,7.5706044
480,20,67.83123146,0.061496074,330.3032214,63.83123146,2.645551601,54.23286576,4.925052799,35.36409828,6912968534,117.2097861,26.37896087,0,33.94956527,7.5706044
504,21,67.83123146,0.061496074,243.047581,63.83123146,2.645551601,54.23286576,4.925052799,37.51510362,225966322.3,117.2097861,26.37896087,0,33.94956527,7.5706044
528,22,67.83123146,0.061496074,178.8421148,63.83123146,2.645551601,54.23286576,4.925052799,39.75946128,12544093.01,117.2097861,26.37896087,0,33.94956527,7.5706044
552,23,67.83123146,0.061496074,131.5976974,63.83123146,2.645551601,54.23286576,4.925052799,42.10224749,1389213.497,117.2097861,26.37896087,0,33.94956527,7.5706044
576,24,67.83123146,0.061496074,96.83375742,63.83123146,2.645551601,54.23286576,4.925052799,44.54430779,236959.8439,117.2097861,26.37896087,0,33.94956527,7.5706044
600,25,67.83123146,0.061496074,71.25334837,63.83123146,2.645551601,54.23286576,4.925052799,47.08260398,54149.6741,117.2097861,26.37896087,0,33.94956527,7.5706044
624,26,67.83123146,0.061496074,52.43047249,63.83123146,2.645551601,54.23286576,4.925052799,49.71136513,15322.79437,117.2097861,26.37896087,0,33.94956527,7.5706044
648,27,67.83123146,0.061496074,38.58000373,63.83123146,2.645551601,54.23286576,4.925052799,52.42406848,5114.060067,117.2097861,26.37896087,0,33.94956527,7.5706044
672,28,67.83123146,0.061496074,28.38838975,63.83123146,2.645551601,54.23286576,4.925052799,55.2161736,1949.995303,117.2097861,26.37896087,0,33.94956527,7.5706044
696,29,67.83123146,0.061496074,20.8890771,63.83123146,2.645551601,54.23286576,4.925052799,58.08842177,831.4161135,117.2097861,26.37896087,0,33.94956527,7.5706044
720,30,67.83123146,0.061496074,15.37084513,63.83123146,2.645551601,54.23286576,4.925052799,61.05040912,390.6809377,117.2097861,26.37896087,0,33.94956527,7.5706044
744,31,67.83123146,0.061496074,11.31035512,63.83123146,2.645551601,54.23286576,4.925052799,64.12406574,200.3661098,117.2097861,26.37896087,0,33.94956527,7.5706044
768,32,67.83123146,0.061496074,8.322517849,63.83123146,2.645551601,54.23286576,4.925052799,67.3466351,111.4184002,117.2097861,26.37896087,0,33.94956527,7.5706044
792,33,67.83123146,0.061496074,6.123972471,63.83123146,2.645551601,54.23286576,4.925052799,70.77275819,66.84397884,117.2097861,26.37896087,0,33.94956527,7.5706044
816,34,67.83123146,0.061496074,4.506213087,63.83123146,2.645551601,54.23286576,4.925052799,74.47532381,43.0644431,117.2097861,26.37896087,0,33.94956527,7.5706044
840,35,67.83123146,0.061496074,3.315814449,63.83123146,2.645551601,54.23286576,4.925052799,78.54484567,29.63568288,117.2097861,26.37896087,0,33.94956527,7.5706044
864,36,67.83123146,0.061496074,2.439881395,63.83123146,2.645551601,54.23286576,4.925052799,83.08725745,21.64514492,117.2097861,26.37896087,0,33.94956527,7.5706044
888,37,67.83123146,0.061496074,1.795342087,63.83123146,2.645551601,54.23286576,4.925052799,88.22016377,16.65536641,117.2097861,26.37896087,0,33.94956527,7.5706044
912,38,67.83123146,0.061496074,1.321069632,63.83123146,2.645551601,54.23286576,4.925052799,94.06773293,13.39745854,117.2097861,26.37896087,0,33.94956527,7.5706044
936,39,67.83123146,0.061496074,0.972084925,63.83123146,2.645551601,54.23286576,4.925052799,100.7545491,11.18142661,117.2097861,26.37896087,0,33.94956527,7.5706044
960,40,67.83123146,0.061496074,0.715290915,63.83123146,2.645551601,54.23286576,4.925052799,108.3988438,9.616776619,117.2097861,26.37896087,0,33.94956527,7.5706044
984,41,67.83123146,0.061341424,0.51906435,63.83123146,2.645551601,54.09735462,4.912522027,117.1055892,8.474214849,116.9330029,26.33885455,0.012530772,33.90945895,7.5706044
1008,42,67.83123146,0.06106406,0.371605045,63.83123146,2.645551601,53.85435806,4.890040998,126.9599508,7.614414572,116.4541842,26.27001875,0.035011801,33.84062315,7.5706044
1032,43,67.83123146,0.060694923,0.262551861,63.83123146,2.645551601,53.53101243,4.860112591,138.0215697,6.949970293,115.8418562,26.18263526,0.064940207,33.75323966,7.5706044
1056,44,67.83123146,0.06026285,0.183129263,63.83123146,2.645551601,53.15259449,4.82507156,150.3200707,6.424387697,115.1558361,26.08540574,0.099981239,33.65601014,7.5706044
1080,45,67.83123146,0.059793712,0.126132315,63.83123146,2.645551601,52.74177302,4.787014466,163.8520937,6.000117471,114.445715,25.98540394,0.138038332,33.55600834,7.5706044
1104,46,67.83123146,0.059309833,0.085805507,63.83123146,2.645551601,52.31809935,4.747751718,178.580018,5.651541533,113.7502798,25.88805534,0.177301081,33.45865974,7.5706044
1128,47,67.83123146,0.058829671,0.057662468,63.83123146,2.645551601,51.89773434,4.708781528,194.4324243,5.360750329,113.0977576,25.79722395,0.216271271,33.36782835,7.5706044
1152,48,67.83123146,0.058367758,0.038282754,63.83123146,2.645551601,51.49339254,4.671284061,211.3061699,5.114941084,112.506708,25.71537929,0.253768738,33.28598369,7.5706044
1176,49,67.83123146,0.057934836,0.025110827,63.83123146,2.645551601,51.11447126,4.63613282,229.0698269,4.904775859,111.9873599,25.6438148,0.288919979,33.2144192,7.5706044
1200,50,67.83123146,0.057538175,0.016272603,63.83123146,2.645551601,50.76732469,4.603919572,247.5681652,4.723318597,111.5431911,25.58288967,0.321133227,33.15349407,7.5706044
1224,51,67.83123146,0.057181999,0.010417365,63.83123146,2.645551601,50.45563926,4.574988796,266.6273616,4.565329527,111.1725693,25.53227036,0.350064003,33.10287476,7.5706044
1248,52,67.83123146,0.056867976,0.006587327,63.83123146,2.645551601,50.18086794,4.549477687,286.0606445,4.426786116,110.8703098,25.49115337,0.375575112,33.06175777,7.5706044
1272,53,67.83123146,0.056595745,0.00411376,63.83123146,2.645551601,49.94268476,4.527358142,305.6741243,4.304551694,110.629048,25.45845717,0.397694657,33.02906157,7.5706044
1296,54,67.83123146,0.056363414,0.002536651,63.83123146,2.645551601,49.73942794,4.508477772,325.2725934,4.196142811,110.4403684,25.43297682,0.416575027,33.00358122,7.5706044
1320,55,67.83123146,0.056168029,0.001544107,63.83123146,2.645551601,49.56850724,4.492597649,344.6651011,4.099564011,110.2956683,25.41349995,0.43245515,32.98410435,7.5706044
1344,56,67.83123146,0.056005982,0.000927648,63.83123146,2.645551601,49.42675939,4.479425299,363.6701261,4.013189338,110.1867666,25.3988867,0.4456275,32.9694911,7.5706044
1368,57,67.83123146,0.055873342,0.000549882,63.83123146,2.645551601,49.31074302,4.468642096,382.1201814,3.935676628,110.1062862,25.3881183,0.456410703,32.9587227,7.5706044
0,0,5,0.002,0.026845638,1,0,4,0.0001,0,0,0,0,0,0.0001,0.0001
24,1,5,0.00173045,-5.165750998,1,-0.00239862,4,-0.022212747,2.56007E-10,256.0068866,1.8548E-13,3.87719E-10,0,-0.024611367,-0.024611367
<<<<<<< Updated upstream,,,,,,,,,,,,,,,
48,2,17.056,0.01623956,2574.051674,13.056,0.515518304,16.056,1.178819109,1.861650227,1.86165E+12,0.12056,4.589537644,0,6.283875057,1.694337413
72,3,29.112,0.026795917,6210.222425,25.112,1.019077272,25.12066165,2.052650938,3.723300454,1.86165E+12,2.5486384,4.385068883,0,7.456797093,3.07172821
96,4,41.168,0.037380877,10611.65239,37.168,1.517682827,34.18532331,2.928850378,5.565686048,1.84239E+12,37.47521486,4.563872186,0,9.010405391,4.446533206
120,5,53.224,0.048178334,15470.84641,49.224,2.020201522,43.24998496,3.822639877,7.395688794,1.83E+12,74.84881486,9.72902603,0,15.57186743,5.842841399
144,6,65.28,0.059156807,21093.44302,61.28,2.535286577,52.31464662,4.731413433,9.218918479,1.82323E+12,109.8112149,23.33115523,0,30.59785524,7.26670001
168,7,67.42773021,0.061122579,17347.50837,63.42773021,2.627966554,53.92948136,4.894135747,11.03787682,1.81896E+12,116.0396325,25.78116324,0,33.30326554,7.522102301
192,8,67.76753719,0.061436562,13039.30756,63.76753719,2.642752416,54.18497533,4.920126529,12.85623452,1.81836E+12,117.0250727,26.26974229,0,33.83262123,7.562878945
216,9,67.82142022,0.061486828,9635.813296,63.82142022,2.64511708,54.22548889,4.924287416,14.67450069,1.81827E+12,117.1813335,26.35832044,0,33.92772494,7.569404495
240,10,67.82977176,0.061494688,7096.403144,63.82977176,2.645486506,54.23176824,4.924938052,16.49275242,1.81825E+12,117.205553,26.3751931,0,33.94561766,7.570424558
264,11,67.83102353,0.061495875,5222.633636,63.83102353,2.645542274,54.23270942,4.925036348,18.31111932,1.81837E+12,117.2091831,26.37828806,0,33.94886669,7.570578622
288,12,67.83120342,0.061496047,3843.101524,63.83120342,2.645550338,54.23284468,4.925050569,20.13019326,1.81907E+12,117.2097048,26.37885998,0,33.94946088,7.570600906
312,13,67.8312279,0.061496071,2827.892178,63.8312279,2.64555144,54.23286308,4.925052515,21.95163805,1.82144E+12,117.2097758,26.37894693,0,33.94955089,7.570603955
336,14,67.83123104,0.061496074,2080.854754,63.83123104,2.645551582,54.23286544,4.925052765,23.77890938,1.82727E+12,117.2097849,26.37895892,0,33.94956327,7.570604347
360,15,67.83123141,0.061496074,1531.159134,63.83123141,2.645551599,54.23286572,4.925052795,25.61787845,1.83897E+12,117.2097859,26.37896067,0,33.94956506,7.570604394
384,16,67.83123145,0.061496074,1126.675455,63.83123145,2.645551601,54.23286575,4.925052798,27.47714691,1.85927E+12,117.2097861,26.37896085,0,33.94956525,7.5706044
408,17,67.83123146,0.061496074,829.0435183,63.83123146,2.645551601,54.23286576,4.925052799,29.36790941,1.89076E+12,117.2097861,26.37896087,0,33.94956527,7.5706044
432,18,67.83123146,0.061496074,610.0365018,63.83123146,2.645551601,54.23286576,4.925052799,31.30332783,1.93542E+12,117.2097861,26.37896087,0,33.94956527,7.5706044
456,19,67.83123146,0.061496074,448.8841964,63.83123146,2.645551601,54.23286576,4.925052799,33.29748906,1.99416E+12,117.2097861,26.37896087,0,33.94956527,7.5706044
480,20,67.83123146,0.061496074,330.3032214,63.83123146,2.645551601,54.23286576,4.925052799,35.36409828,6912968534,117.2097861,26.37896087,0,33.94956527,7.5706044
504,21,67.83123146,0.061496074,243.047581,63.83123146,2.645551601,54.23286576,4.925052799,37.51510362,225966322.3,117.2097861,26.37896087,0,33.94956527,7.5706044
528,22,67.83123146,0.061496074,178.8421148,63.83123146,2.645551601,54.23286576,4.925052799,39.75946128,12544093.01,117.2097861,26.37896087,0,33.94956527,7.5706044
552,23,67.83123146,0.061496074,131.5976974,63.83123146,2.645551601,54.23286576,4.925052799,42.10224749,1389213.497,117.2097861,26.37896087,0,33.94956527,7.5706044
576,24,67.83123146,0.061496074,96.83375742,63.83123146,2.645551601,54.23286576,4.925052799,44.54430779,236959.8439,117.2097861,26.37896087,0,33.94956527,7.5706044
600,25,67.83123146,0.061496074,71.25334837,63.83123146,2.645551601,54.23286576,4.925052799,47.08260398,54149.6741,117.2097861,26.37896087,0,33.94956527,7.5706044
624,26,67.83123146,0.061496074,52.43047249,63.83123146,2.645551601,54.23286576,4.925052799,49.71136513,15322.79437,117.2097861,26.37896087,0,33.94956527,7.5706044
648,27,67.83123146,0.061496074,38.58000373,63.83123146,2.645551601,54.23286576,4.925052799,52.42406848,5114.060067,117.2097861,26.37896087,0,33.94956527,7.5706044
672,28,67.83123146,0.061496074,28.38838975,63.83123146,2.645551601,54.23286576,4.925052799,55.2161736,1949.995303,117.2097861,26.37896087,0,33.94956527,7.5706044
696,29,67.83123146,0.061496074,20.8890771,63.83123146,2.645551601,54.23286576,4.925052799,58.08842177,831.4161135,117.2097861,26.37896087,0,33.94956527,7.5706044
720,30,67.83123146,0.061496074,15.37084513,63.83123146,2.645551601,54.23286576,4.925052799,61.05040912,390.6809377,117.2097861,26.37896087,0,33.94956527,7.5706044
744,31,67.83123146,0.061496074,11.31035512,63.83123146,2.645551601,54.23286576,4.925052799,64.12406574,200.3661098,117.2097861,26.37896087,0,33.94956527,7.5706044
768,32,67.83123146,0.061496074,8.322517849,63.83123146,2.645551601,54.23286576,4.925052799,67.3466351,111.4184002,117.2097861,26.37896087,0,33.94956527,7.5706044
792,33,67.83123146,0.061496074,6.123972471,63.83123146,2.645551601,54.23286576,4.925052799,70.77275819,66.84397884,117.2097861,26.37896087,0,33.94956527,7.5706044
816,34,67.83123146,0.061496074,4.506213087,63.83123146,2.645551601,54.23286576,4.925052799,74.47532381,43.0644431,117.2097861,26.37896087,0,33.94956527,7.5706044
840,35,67.83123146,0.061496074,3.315814449,63.83123146,2.645551601,54.23286576,4.925052799,78.54484567,29.63568288,117.2097861,26.37896087,0,33.94956527,7.5706044
864,36,67.83123146,0.061496074,2.439881395,63.83123146,2.645551601,54.23286576,4.925052799,83.08725745,21.64514492,117.2097861,26.37896087,0,33.94956527,7.5706044
888,37,67.83123146,0.061496074,1.795342087,63.83123146,2.645551601,54.23286576,4.925052799,88.22016377,16.65536641,117.2097861,26.37896087,0,33.94956527,7.5706044
912,38,67.83123146,0.061496074,1.321069632,63.83123146,2.645551601,54.23286576,4.925052799,94.06773293,13.39745854,117.2097861,26.37896087,0,33.94956527,7.5706044
936,39,67.83123146,0.061496074,0.972084925,63.83123146,2.645551601,54.23286576,4.925052799,100.7545491,11.18142661,117.2097861,26.37896087,0,33.94956527,7.5706044
960,40,67.83123146,0.061496074,0.715290915,63.83123146,2.645551601,54.23286576,4.925052799,108.3988438,9.616776619,117.2097861,26.37896087,0,33.94956527,7.5706044
984,41,67.83123146,0.061341424,0.51906435,63.83123146,2.645551601,54.09735462,4.912522027,117.1055892,8.474214849,116.9330029,26.33885455,0.012530772,33.90945895,7.5706044
1008,42,67.83123146,0.06106406,0.371605045,63.83123146,2.645551601,53.85435806,4.890040998,126.9599508,7.614414572,116.4541842,26.27001875,0.035011801,33.84062315,7.5706044
1032,43,67.83123146,0.060694923,0.262551861,63.83123146,2.645551601,53.53101243,4.860112591,138.0215697,6.949970293,115.8418562,26.18263526,0.064940207,33.75323966,7.5706044
1056,44,67.83123146,0.06026285,0.183129263,63.83123146,2.645551601,53.15259449,4.82507156,150.3200707,6.424387697,115.1558361,26.08540574,0.099981239,33.65601014,7.5706044
1080,45,67.83123146,0.059793712,0.126132315,63.83123146,2.645551601,52.74177302,4.787014466,163.8520937,6.000117471,114.445715,25.98540394,0.138038332,33.55600834,7.5706044
1104,46,67.83123146,0.059309833,0.085805507,63.83123146,2.645551601,52.31809935,4.747751718,178.580018,5.651541533,113.7502798,25.88805534,0.177301081,33.45865974,7.5706044
1128,47,67.83123146,0.058829671,0.057662468,63.83123146,2.645551601,51.89773434,4.708781528,194.4324243,5.360750329,113.0977576,25.79722395,0.216271271,33.36782835,7.5706044
1152,48,67.83123146,0.058367758,0.038282754,63.83123146,2.645551601,51.49339254,4.671284061,211.3061699,5.114941084,112.506708,25.71537929,0.253768738,33.28598369,7.5706044
1176,49,67.83123146,0.057934836,0.025110827,63.83123146,2.645551601,51.11447126,4.63613282,229.0698269,4.904775859,111.9873599,25.6438148,0.288919979,33.2144192,7.5706044
1200,50,67.83123146,0.057538175,0.016272603,63.83123146,2.645551601,50.76732469,4.603919572,247.5681652,4.723318597,111.5431911,25.58288967,0.321133227,33.15349407,7.5706044
1224,51,67.83123146,0.057181999,0.010417365,63.83123146,2.645551601,50.45563926,4.574988796,266.6273616,4.565329527,111.1725693,25.53227036,0.350064003,33.10287476,7.5706044
1248,52,67.83123146,0.056867976,0.006587327,63.83123146,2.645551601,50.18086794,4.549477687,286.0606445,4.426786116,110.8703098,25.49115337,0.375575112,33.06175777,7.5706044
1272,53,67.83123146,0.056595745,0.00411376,63.83123146,2.645551601,49.94268476,4.527358142,305.6741243,4.304551694,110.629048,25.45845717,0.397694657,33.02906157,7.5706044
1296,54,67.83123146,0.056363414,0.002536651,63.83123146,2.645551601,49.73942794,4.508477772,325.2725934,4.196142811,110.4403684,25.43297682,0.416575027,33.00358122,7.5706044
1320,55,67.83123146,0.056168029,0.001544107,63.83123146,2.645551601,49.56850724,4.492597649,344.6651011,4.099564011,110.2956683,25.41349995,0.43245515,32.98410435,7.5706044
1344,56,67.83123146,0.056005982,0.000927648,63.83123146,2.645551601,49.42675939,4.479425299,363.6701261,4.013189338,110.1867666,25.3988867,0.4456275,32.9694911,7.5706044
1368,57,67.83123146,0.055873342,0.000549882,63.83123146,2.645551601,49.31074302,4.468642096,382.1201814,3.935676628,110.1062862,25.3881183,0.456410703,32.9587227,7.5706044
0,0,5,0.004,0.10738255,1,0,8,0.0002,0,0,0,0,0,0.0002,0.0002
24,1,5,0.0034609,-20.66300399,1,-0.00239862,8,-0.044425493,3.08616E-10,308.6156934,3.7095E-13,4.67395E-10,0,-0.046824113,-0.046824114
48,2,17.056,0.032479119,10296.2067,25.112,1.033926304,32.112,2.357638218,6.35552E-10,326.9364702,0.24112,4.142716443,0,7.534280965,3.391564522
72,3,29.112,0.053591835,24840.8897,49.224,2.04077215,50.24132331,4.105301877,1.10771E-09,472.1624254,5.0972768,3.708886838,0,9.854960865,6.146074026
96,4,41.168,0.074761754,42446.60957,73.336,3.036958554,68.37064662,5.857700757,1.8185E-09,710.787155,74.95042971,4.437286838,0,13.33194615,8.894659311
120,5,53.224,0.096356668,61883.38566,97.448,4.040235338,86.49996992,7.645279754,2.83797E-09,1019.47286,149.6976297,21.40053683,0,33.08605192,11.68551509
144,6,65.28,0.118356775,84191.63729,121.56,5.067913626,104.6292932,9.46639973,4.19658E-09,1358.60718,223.0231948,60.91111666,0,75.44543001,14.53431336
168,7,69.09054916,0.125362848,75112.00447,129.1810983,5.397288503,110.3594423,10.04634688,5.63716E-09,1440.583001,245.1243799,73.79268926,0,89.23632465,15.44363538
192,8,70.04128675,0.127133501,58465.84164,131.0825735,5.48040983,111.7891229,10.19291755,7.09708E-09,1459.910845,250.638658,77.47068636,0,93.14401374,15.67332738
216,9,70.2660972,0.127557796,43743.42228,131.5321944,5.500301547,112.1271838,10.22803974,8.56133E-09,1464.257901,251.9425585,78.38849843,0,94.11683972,15.72834129
240,10,70.31625424,0.12765366,32344.42403,131.6325085,5.504790301,112.2026079,10.2359752,1.00265E-08,1465.179668,252.2334694,78.61353881,0,94.35430432,15.74076551
264,11,70.32694762,0.127674319,23834.34033,131.6538952,5.505756707,112.2186882,10.23768533,0.000166628,166617481.1,252.295491,78.66702831,0,94.41047035,15.74344203
288,12,70.32910013,0.127678514,17546.38554,131.6582003,5.505952805,112.221925,10.23803258,0.001397791,1231163268,252.3079756,78.67960696,0,94.42359235,15.74398539
312,13,70.32950452,0.127679308,12913.93881,131.659009,5.505989889,112.2225331,10.23809829,0.006410552,5012761364,252.310321,78.68209807,0,94.42618624,15.74408818
336,14,70.32957512,0.127679448,9503.878751,131.6591502,5.505996399,112.2226393,10.23810982,0.021263281,14852728788,252.3107305,78.68255282,0,94.42665905,15.74410622
360,15,70.32958654,0.12767947,6994.169863,131.6591731,5.505997456,112.2226565,10.2381117,0.057012851,35749569976,252.3107967,78.68263731,0,94.42674647,15.74410915
384,16,70.32958823,0.127679474,5147.186925,131.6591765,5.505997612,112.222659,10.23811197,0.131090692,74077841293,252.3108065,78.68264927,0,94.42675886,15.74410959
408,17,70.32958846,0.127679474,3787.942659,131.6591769,5.505997634,112.2226593,10.23811201,0.267996595,1.36906E+11,252.3108079,78.68265103,0,94.42676067,15.74410965
432,18,70.32958849,0.127679474,2787.640683,131.659177,5.505997636,112.2226594,10.23811202,0.499039586,2.31043E+11,252.310808,78.68265126,0,94.42676091,15.74410965
456,19,70.32958849,0.127679474,2051.493674,131.659177,5.505997637,112.2226594,10.23811202,0.861050296,3.62011E+11,252.3108081,78.68265128,0,94.42676093,15.74410965
480,20,70.32958849,0.127679474,1509.744891,131.659177,5.505997637,112.2226594,10.23811202,1.39418919,897490687,252.3108081,78.68265128,0,94.42676094,15.74410965
504,21,70.32958849,0.127679474,1111.058573,131.659177,5.505997637,112.2226594,10.23811202,2.139139452,39327893.22,252.3108081,78.68265128,0,94.42676094,15.74410965
528,22,70.32958849,0.127679474,817.6554601,131.659177,5.505997637,112.2226594,10.23811202,3.13409006,2795107.092,252.3108081,78.68265128,0,94.42676094,15.74410965
552,23,70.32958849,0.127679474,601.7328587,131.659177,5.505997637,112.2226594,10.23811202,4.411988419,380890.631,252.3108081,78.68265128,0,94.42676094,15.74410965
576,24,70.32958849,0.127679474,442.8300805,131.659177,5.505997637,112.2226594,10.23811202,5.998574956,77352.00369,252.3108081,78.68265128,0,94.42676094,15.74410965
600,25,70.32958849,0.127679474,325.8895993,131.659177,5.505997637,112.2226594,10.23811202,7.911698207,20486.55325,252.3108081,78.68265128,0,94.42676094,15.74410965
624,26,70.32958849,0.127679474,239.8302094,131.659177,5.505997637,112.2226594,10.23811202,10.16233967,6575.384956,252.3108081,78.68265128,0,94.42676094,15.74410965
648,27,70.32958849,0.127679474,176.4969777,131.659177,5.505997637,112.2226594,10.23811202,12.75764903,2447.614003,252.3108081,78.68265128,0,94.42676094,15.74410965
672,28,70.32958849,0.127679474,129.8884874,131.659177,5.505997637,112.2226594,10.23811202,15.7061065,1027.768676,252.3108081,78.68265128,0,94.42676094,15.74410965
696,29,70.32958849,0.127679474,95.58814769,131.659177,5.505997637,112.2226594,10.23811202,19.02469977,478.2349407,252.3108081,78.68265128,0,94.42676094,15.74410965
720,30,70.32958849,0.127679474,70.34568006,131.659177,5.505997637,112.2226594,10.23811202,22.74774457,243.8014427,252.3108081,78.68265128,0,94.42676094,15.74410965
744,31,70.32958849,0.127679474,51.76912435,131.659177,5.505997637,112.2226594,10.23811202,26.9367101,135.1841534,252.3108081,78.68265128,0,94.42676094,15.74410965
768,32,70.32958849,0.127679474,38.09817795,131.659177,5.505997637,112.2226594,10.23811202,31.69016294,81.12027697,252.3108081,78.68265128,0,94.42676094,15.74410965
792,33,70.32958849,0.127679474,28.03739067,131.659177,5.505997637,112.2226594,10.23811202,37.15275004,52.44693983,252.3108081,78.68265129,0,94.42676094,15.74410965
816,34,70.32958849,0.127679474,20.63340869,131.659177,5.505997637,112.2226594,10.23811202,43.52204164,36.34636576,252.3108081,78.68265129,0,94.42676094,15.74410965
840,35,70.32958849,0.127679474,15.18463538,131.659177,5.505997637,112.2226594,10.23811202,51.05208325,26.82369535,252.3108081,78.68265129,0,94.42676094,15.74410965
864,36,70.32958849,0.127679474,11.17474846,131.659177,5.505997637,112.2226594,10.23811202,60.05268112,20.91717754,252.3108081,78.68265129,0,94.42676094,15.74410965
888,37,70.32958849,0.127679474,8.223773584,131.659177,5.505997637,112.2226594,10.23811202,70.8837664,17.09017213,252.3108081,78.68265129,0,94.42676094,15.74410965
912,38,70.32958849,0.127679474,6.05207825,131.659177,5.505997637,112.2226594,10.23811202,83.94462331,14.50942486,252.3108081,78.68265129,0,94.42676094,15.74410965
936,39,70.32958849,0.127679474,4.453873988,131.659177,5.505997637,112.2226594,10.23811202,99.65827509,12.70454861,252.3108081,78.68265129,0,94.42676094,15.74410965
960,40,70.32958849,0.127679474,3.277715977,131.659177,5.505997637,112.2226594,10.23811202,118.4518364,11.40001071,252.3108081,78.68265129,0,94.42676094,15.74410965
984,41,70.32958849,0.127353945,2.378757592,131.659177,5.505997637,111.9380385,10.21170785,140.7340927,10.42881456,251.701265,78.52471818,0.026404164,94.26882783,15.74410965
1008,42,70.32958849,0.126769713,1.703091708,131.659177,5.505997637,111.4272955,10.164305,166.8718975,9.686489884,250.6452983,78.25223234,0.073807021,93.99634199,15.74410965
1032,43,70.32958849,0.125991662,1.203338906,131.659177,5.505997637,110.7471996,10.10115737,197.1671478,9.105727087,249.2930185,77.90461368,0.13695465,93.64872333,15.74410965
1056,44,70.32958849,0.125080372,0.839340456,131.659177,5.505997637,109.9507355,10.02717523,231.8360814,8.64195099,247.7759291,77.5160173,0.210936786,93.26012696,15.74410965
1080,45,70.32958849,0.124090294,0.578106379,131.659177,5.505997637,109.0855095,9.946775691,270.9924572,8.264876226,246.2034419,77.11457293,0.291336326,92.85868259,15.74410965
1104,46,70.32958849,0.123068491,0.393272271,131.659177,5.505997637,108.1926553,9.863779516,314.6358401,7.9534295,244.6614573,76.72214418,0.374332501,92.46625383,15.74410965
1128,47,70.32958849,0.122053952,0.264281182,131.659177,5.505997637,107.3062365,9.781354152,362.6457839,7.692618746,243.2127678,76.3545373,0.456757866,92.09864696,15.74410965
1152,48,70.32958849,0.12107742,0.175457228,131.659177,5.505997637,106.4531062,9.70199941,414.7820723,7.47156158,241.898909,76.02205912,0.536112607,91.76616878,15.74410965
1176,49,70.32958849,0.120161682,0.115086999,131.659177,5.505997637,105.6531597,9.627569768,470.6906145,7.282215334,240.7430206,75.73030999,0.61054225,91.47441964,15.74410965
1200,50,70.32958849,0.119322208,0.07458013,131.659177,5.505997637,104.919894,9.559325541,529.9142322,7.118538592,239.7532697,75.48109933,0.678786477,91.22520898,15.74410965
1224,51,70.32958849,0.118568031,0.0477452,131.659177,5.505997637,104.2611864,9.498004494,591.9074224,6.975924086,238.9264382,75.27338419,0.740107524,91.01749384,15.74410965
1248,52,70.32958849,0.117902789,0.030192045,131.659177,5.505997637,103.6801988,9.443905524,656.0541628,6.850806923,238.2513477,75.10415213,0.794206494,90.84826178,15.74410965
1272,53,70.32958849,0.11732581,0.018855584,131.659177,5.505997637,103.1763299,9.396976859,721.6878537,6.74038932,237.7118941,74.96919381,0.841135159,90.71330347,15.74410965
1296,54,70.32958849,0.116833175,0.011627488,131.659177,5.505997637,102.746146,9.356902436,788.1125222,6.642444674,237.2895545,74.86373467,0.881209582,90.60784433,15.74410965
1320,55,70.32958849,0.116418703,0.007078363,131.659177,5.505997637,102.3842377,9.323181632,854.6244236,6.555176738,236.965316,74.78291581,0.914930385,90.52702547,15.74410965
1344,56,70.32958849,0.116074805,0.004252804,131.659177,5.505997637,102.0839708,9.295199081,920.5331777,6.477117575,236.7210423,74.72213074,0.942912936,90.46624039,15.74410965
1368,57,70.32958849,0.115793204,0.002521175,131.659177,5.505997637,101.8381099,9.272282769,985.1815983,6.407053047,236.5403392,74.67723537,0.965829248,90.42134503,15.74410965
0,0,5,0.004,0.10738255,1,0,8,0.0002,0,0,0,0,0,0.0002,0.0002
24,1,5,0.0034609,-20.66300399,1,-0.00239862,8,-0.044425493,3.08616E-10,308.6156934,3.7095E-13,4.67395E-10,0,-0.046824113,-0.046824114
48,2,17.056,0.032479119,10296.2067,25.112,1.033926304,32.112,2.357638218,6.35552E-10,326.9364702,0.24112,4.142716443,0,7.534280965,3.391564522
72,3,29.112,0.053591835,24840.8897,49.224,2.04077215,50.24132331,4.105301877,1.10771E-09,472.1624254,5.0972768,3.708886838,0,9.854960865,6.146074026
96,4,41.168,0.074761754,42446.60957,73.336,3.036958554,68.37064662,5.857700757,1.8185E-09,710.787155,74.95042971,4.437286838,0,13.33194615,8.894659311
120,5,53.224,0.096356668,61883.38566,97.448,4.040235338,86.49996992,7.645279754,2.83797E-09,1019.47286,149.6976297,21.40053683,0,33.08605192,11.68551509
144,6,65.28,0.118356775,84191.63729,121.56,5.067913626,104.6292932,9.46639973,4.19658E-09,1358.60718,223.0231948,60.91111666,0,75.44543001,14.53431336
168,7,69.09054916,0.125362848,75112.00447,129.1810983,5.397288503,110.3594423,10.04634688,5.63716E-09,1440.583001,245.1243799,73.79268926,0,89.23632465,15.44363538
192,8,70.04128675,0.127133501,58465.84164,131.0825735,5.48040983,111.7891229,10.19291755,7.09708E-09,1459.910845,250.638658,77.47068636,0,93.14401374,15.67332738
216,9,70.2660972,0.127557796,43743.42228,131.5321944,5.500301547,112.1271838,10.22803974,8.56133E-09,1464.257901,251.9425585,78.38849843,0,94.11683972,15.72834129
240,10,70.31625424,0.12765366,32344.42403,131.6325085,5.504790301,112.2026079,10.2359752,1.00265E-08,1465.179668,252.2334694,78.61353881,0,94.35430432,15.74076551
264,11,70.32694762,0.127674319,23834.34033,131.6538952,5.505756707,112.2186882,10.23768533,0.000166628,166617481.1,252.295491,78.66702831,0,94.41047035,15.74344203
288,12,70.32910013,0.127678514,17546.38554,131.6582003,5.505952805,112.221925,10.23803258,0.001397791,1231163268,252.3079756,78.67960696,0,94.42359235,15.74398539
312,13,70.32950452,0.127679308,12913.93881,131.659009,5.505989889,112.2225331,10.23809829,0.006410552,5012761364,252.310321,78.68209807,0,94.42618624,15.74408818
336,14,70.32957512,0.127679448,9503.878751,131.6591502,5.505996399,112.2226393,10.23810982,0.021263281,14852728788,252.3107305,78.68255282,0,94.42665905,15.74410622
360,15,70.32958654,0.12767947,6994.169863,131.6591731,5.505997456,112.2226565,10.2381117,0.057012851,35749569976,252.3107967,78.68263731,0,94.42674647,15.74410915
384,16,70.32958823,0.127679474,5147.186925,131.6591765,5.505997612,112.222659,10.23811197,0.131090692,74077841293,252.3108065,78.68264927,0,94.42675886,15.74410959
408,17,70.32958846,0.127679474,3787.942659,131.6591769,5.505997634,112.2226593,10.23811201,0.267996595,1.36906E+11,252.3108079,78.68265103,0,94.42676067,15.74410965
432,18,70.32958849,0.127679474,2787.640683,131.659177,5.505997636,112.2226594,10.23811202,0.499039586,2.31043E+11,252.310808,78.68265126,0,94.42676091,15.74410965
456,19,70.32958849,0.127679474,2051.493674,131.659177,5.505997637,112.2226594,10.23811202,0.861050296,3.62011E+11,252.3108081,78.68265128,0,94.42676093,15.74410965
480,20,70.32958849,0.127679474,1509.744891,131.659177,5.505997637,112.2226594,10.23811202,1.39418919,897490687,252.3108081,78.68265128,0,94.42676094,15.74410965
504,21,70.32958849,0.127679474,1111.058573,131.659177,5.505997637,112.2226594,10.23811202,2.139139452,39327893.22,252.3108081,78.68265128,0,94.42676094,15.74410965
528,22,70.32958849,0.127679474,817.6554601,131.659177,5.505997637,112.2226594,10.23811202,3.13409006,2795107.092,252.3108081,78.68265128,0,94.42676094,15.74410965
552,23,70.32958849,0.127679474,601.7328587,131.659177,5.505997637,112.2226594,10.23811202,4.411988419,380890.631,252.3108081,78.68265128,0,94.42676094,15.74410965
576,24,70.32958849,0.127679474,442.8300805,131.659177,5.505997637,112.2226594,10.23811202,5.998574956,77352.00369,252.3108081,78.68265128,0,94.42676094,15.74410965
600,25,70.32958849,0.127679474,325.8895993,131.659177,5.505997637,112.2226594,10.23811202,7.911698207,20486.55325,252.3108081,78.68265128,0,94.42676094,15.74410965
624,26,70.32958849,0.127679474,239.8302094,131.659177,5.505997637,112.2226594,10.23811202,10.16233967,6575.384956,252.3108081,78.68265128,0,94.42676094,15.74410965
648,27,70.32958849,0.127679474,176.4969777,131.659177,5.505997637,112.2226594,10.23811202,12.75764903,2447.614003,252.3108081,78.68265128,0,94.42676094,15.74410965
672,28,70.32958849,0.127679474,129.8884874,131.659177,5.505997637,112.2226594,10.23811202,15.7061065,1027.768676,252.3108081,78.68265128,0,94.42676094,15.74410965
696,29,70.32958849,0.127679474,95.58814769,131.659177,5.505997637,112.2226594,10.23811202,19.02469977,478.2349407,252.3108081,78.68265128,0,94.42676094,15.74410965
720,30,70.32958849,0.127679474,70.34568006,131.659177,5.505997637,112.2226594,10.23811202,22.74774457,243.8014427,252.3108081,78.68265128,0,94.42676094,15.74410965
744,31,70.32958849,0.127679474,51.76912435,131.659177,5.505997637,112.2226594,10.23811202,26.9367101,135.1841534,252.3108081,78.68265128,0,94.42676094,15.74410965
768,32,70.32958849,0.127679474,38.09817795,131.659177,5.505997637,112.2226594,10.23811202,31.69016294,81.12027697,252.3108081,78.68265128,0,94.42676094,15.74410965
792,33,70.32958849,0.127679474,28.03739067,131.659177,5.505997637,112.2226594,10.23811202,37.15275004,52.44693983,252.3108081,78.68265129,0,94.42676094,15.74410965
816,34,70.32958849,0.127679474,20.63340869,131.659177,5.505997637,112.2226594,10.23811202,43.52204164,36.34636576,252.3108081,78.68265129,0,94.42676094,15.74410965
840,35,70.32958849,0.127679474,15.18463538,131.659177,5.505997637,112.2226594,10.23811202,51.05208325,26.82369535,252.3108081,78.68265129,0,94.42676094,15.74410965
864,36,70.32958849,0.127679474,11.17474846,131.659177,5.505997637,112.2226594,10.23811202,60.05268112,20.91717754,252.3108081,78.68265129,0,94.42676094,15.74410965
888,37,70.32958849,0.127679474,8.223773584,131.659177,5.505997637,112.2226594,10.23811202,70.8837664,17.09017213,252.3108081,78.68265129,0,94.42676094,15.74410965
912,38,70.32958849,0.127679474,6.05207825,131.659177,5.505997637,112.2226594,10.23811202,83.94462331,14.50942486,252.3108081,78.68265129,0,94.42676094,15.74410965
936,39,70.32958849,0.127679474,4.453873988,131.659177,5.505997637,112.2226594,10.23811202,99.65827509,12.70454861,252.3108081,78.68265129,0,94.42676094,15.74410965
960,40,70.32958849,0.127679474,3.277715977,131.659177,5.505997637,112.2226594,10.23811202,118.4518364,11.40001071,252.3108081,78.68265129,0,94.42676094,15.74410965
984,41,70.32958849,0.127353945,2.378757592,131.659177,5.505997637,111.9380385,10.21170785,140.7340927,10.42881456,251.701265,78.52471818,0.026404164,94.26882783,15.74410965
1008,42,70.32958849,0.126769713,1.703091708,131.659177,5.505997637,111.4272955,10.164305,166.8718975,9.686489884,250.6452983,78.25223234,0.073807021,93.99634199,15.74410965
1032,43,70.32958849,0.125991662,1.203338906,131.659177,5.505997637,110.7471996,10.10115737,197.1671478,9.105727087,249.2930185,77.90461368,0.13695465,93.64872333,15.74410965
1056,44,70.32958849,0.125080372,0.839340456,131.659177,5.505997637,109.9507355,10.02717523,231.8360814,8.64195099,247.7759291,77.5160173,0.210936786,93.26012696,15.74410965
1080,45,70.32958849,0.124090294,0.578106379,131.659177,5.505997637,109.0855095,9.946775691,270.9924572,8.264876226,246.2034419,77.11457293,0.291336326,92.85868259,15.74410965
1104,46,70.32958849,0.123068491,0.393272271,131.659177,5.505997637,108.1926553,9.863779516,314.6358401,7.9534295,244.6614573,76.72214418,0.374332501,92.46625383,15.74410965
1128,47,70.32958849,0.122053952,0.264281182,131.659177,5.505997637,107.3062365,9.781354152,362.6457839,7.692618746,243.2127678,76.3545373,0.456757866,92.09864696,15.74410965
1152,48,70.32958849,0.12107742,0.175457228,131.659177,5.505997637,106.4531062,9.70199941,414.7820723,7.47156158,241.898909,76.02205912,0.536112607,91.76616878,15.74410965
1176,49,70.32958849,0.120161682,0.115086999,131.659177,5.505997637,105.6531597,9.627569768,470.6906145,7.282215334,240.7430206,75.73030999,0.61054225,91.47441964,15.74410965
1200,50,70.32958849,0.119322208,0.07458013,131.659177,5.505997637,104.919894,9.559325541,529.9142322,7.118538592,239.7532697,75.48109933,0.678786477,91.22520898,15.74410965
1224,51,70.32958849,0.118568031,0.0477452,131.659177,5.505997637,104.2611864,9.498004494,591.9074224,6.975924086,238.9264382,75.27338419,0.740107524,91.01749384,15.74410965
1248,52,70.32958849,0.117902789,0.030192045,131.659177,5.505997637,103.6801988,9.443905524,656.0541628,6.850806923,238.2513477,75.10415213,0.794206494,90.84826178,15.74410965
1272,53,70.32958849,0.11732581,0.018855584,131.659177,5.505997637,103.1763299,9.396976859,721.6878537,6.74038932,237.7118941,74.96919381,0.841135159,90.71330347,15.74410965
1296,54,70.32958849,0.116833175,0.011627488,131.659177,5.505997637,102.746146,9.356902436,788.1125222,6.642444674,237.2895545,74.86373467,0.881209582,90.60784433,15.74410965
1320,55,70.32958849,0.116418703,0.007078363,131.659177,5.505997637,102.3842377,9.323181632,854.6244236,6.555176738,236.965316,74.78291581,0.914930385,90.52702547,15.74410965
1344,56,70.32958849,0.116074805,0.004252804,131.659177,5.505997637,102.0839708,9.295199081,920.5331777,6.477117575,236.7210423,74.72213074,0.942912936,90.46624039,15.74410965
1368,57,70.32958849,0.115793204,0.002521175,131.659177,5.505997637,101.8381099,9.272282769,985.1815983,6.407053047,236.5403392,74.67723537,0.965829248,90.42134503,15.74410965
0,0,5,0.002,0.026845638,1,0,4,0.0001,0,0,0,0,0,0.0001,0.0001
24,1,5,0.00173045,-5.165750998,1,-0.00239862,4,-0.022212747,2.56007E-10,256.0068866,1.8548E-13,3.87719E-10,0,-0.024611367,-0.024611367
48,2,17.056,0.01623956,2574.051674,13.056,0.515518304,16.056,1.178819109,1.861650227,1.86165E+12,0.12056,4.589537644,0,6.283875057,1.694337413
72,3,29.112,0.026795917,6210.222425,25.112,1.019077272,25.12066165,2.052650938,3.723300454,1.86165E+12,2.5486384,4.385068883,0,7.456797093,3.07172821
96,4,41.168,0.037380877,10611.65239,37.168,1.517682827,34.18532331,2.928850378,5.565686048,1.84239E+12,37.47521486,4.563872186,0,9.010405391,4.446533206
120,5,53.224,0.048178334,15470.84641,49.224,2.020201522,43.24998496,3.822639877,7.395688794,1.83E+12,74.84881486,9.72902603,0,15.57186743,5.842841399
144,6,65.28,0.059156807,21093.44302,61.28,2.535286577,52.31464662,4.731413433,9.218918479,1.82323E+12,109.8112149,23.33115523,0,30.59785524,7.26670001
168,7,67.42773021,0.061122579,17347.50837,63.42773021,2.627966554,53.92948136,4.894135747,11.03787682,1.81896E+12,116.0396325,25.78116324,0,33.30326554,7.522102301
192,8,67.76753719,0.061436562,13039.30756,63.76753719,2.642752416,54.18497533,4.920126529,12.85623452,1.81836E+12,117.0250727,26.26974229,0,33.83262123,7.562878945
216,9,67.82142022,0.061486828,9635.813296,63.82142022,2.64511708,54.22548889,4.924287416,14.67450069,1.81827E+12,117.1813335,26.35832044,0,33.92772494,7.569404495
240,10,67.82977176,0.061494688,7096.403144,63.82977176,2.645486506,54.23176824,4.924938052,16.49275242,1.81825E+12,117.205553,26.3751931,0,33.94561766,7.570424558
264,11,67.83102353,0.061495875,5222.633636,63.83102353,2.645542274,54.23270942,4.925036348,18.31111932,1.81837E+12,117.2091831,26.37828806,0,33.94886669,7.570578622
288,12,67.83120342,0.061496047,3843.101524,63.83120342,2.645550338,54.23284468,4.925050569,20.13019326,1.81907E+12,117.2097048,26.37885998,0,33.94946088,7.570600906
312,13,67.8312279,0.061496071,2827.892178,63.8312279,2.64555144,54.23286308,4.925052515,21.95163805,1.82144E+12,117.2097758,26.37894693,0,33.94955089,7.570603955
336,14,67.83123104,0.061496074,2080.854754,63.83123104,2.645551582,54.23286544,4.925052765,23.77890938,1.82727E+12,117.2097849,26.37895892,0,33.94956327,7.570604347
360,15,67.83123141,0.061496074,1531.159134,63.83123141,2.645551599,54.23286572,4.925052795,25.61787845,1.83897E+12,117.2097859,26.37896067,0,33.94956506,7.570604394
384,16,67.83123145,0.061496074,1126.675455,63.83123145,2.645551601,54.23286575,4.925052798,27.47714691,1.85927E+12,117.2097861,26.37896085,0,33.94956525,7.5706044
408,17,67.83123146,0.061496074,829.0435183,63.83123146,2.645551601,54.23286576,4.925052799,29.36790941,1.89076E+12,117.2097861,26.37896087,0,33.94956527,7.5706044
432,18,67.83123146,0.061496074,610.0365018,63.83123146,2.645551601,54.23286576,4.925052799,31.30332783,1.93542E+12,117.2097861,26.37896087,0,33.94956527,7.5706044
456,19,67.83123146,0.061496074,448.8841964,63.83123146,2.645551601,54.23286576,4.925052799,33.29748906,1.99416E+12,117.2097861,26.37896087,0,33.94956527,7.5706044
480,20,67.83123146,0.061496074,330.3032214,63.83123146,2.645551601,54.23286576,4.925052799,35.36409828,6912968534,117.2097861,26.37896087,0,33.94956527,7.5706044
504,21,67.83123146,0.061496074,243.047581,63.83123146,2.645551601,54.23286576,4.925052799,37.51510362,225966322.3,117.2097861,26.37896087,0,33.94956527,7.5706044
528,22,67.83123146,0.061496074,178.8421148,63.83123146,2.645551601,54.23286576,4.925052799,39.75946128,12544093.01,117.2097861,26.37896087,0,33.94956527,7.5706044
552,23,67.83123146,0.061496074,131.5976974,63.83123146,2.645551601,54.23286576,4.925052799,42.10224749,1389213.497,117.2097861,26.37896087,0,33.94956527,7.5706044
576,24,67.83123146,0.061496074,96.83375742,63.83123146,2.645551601,54.23286576,4.925052799,44.54430779,236959.8439,117.2097861,26.37896087,0,33.94956527,7.5706044
600,25,67.83123146,0.061496074,71.25334837,63.83123146,2.645551601,54.23286576,4.925052799,47.08260398,54149.6741,117.2097861,26.37896087,0,33.94956527,7.5706044
624,26,67.83123146,0.061496074,52.43047249,63.83123146,2.645551601,54.23286576,4.925052799,49.71136513,15322.79437,117.2097861,26.37896087,0,33.94956527,7.5706044
648,27,67.83123146,0.061496074,38.58000373,63.83123146,2.645551601,54.23286576,4.925052799,52.42406848,5114.060067,117.2097861,26.37896087,0,33.94956527,7.5706044
672,28,67.83123146,0.061496074,28.38838975,63.83123146,2.645551601,54.23286576,4.925052799,55.2161736,1949.995303,117.2097861,26.37896087,0,33.94956527,7.5706044
696,29,67.83123146,0.061496074,20.8890771,63.83123146,2.645551601,54.23286576,4.925052799,58.08842177,831.4161135,117.2097861,26.37896087,0,33.94956527,7.5706044
720,30,67.83123146,0.061496074,15.37084513,63.83123146,2.645551601,54.23286576,4.925052799,61.05040912,390.6809377,117.2097861,26.37896087,0,33.94956527,7.5706044
744,31,67.83123146,0.061496074,11.31035512,63.83123146,2.645551601,54.23286576,4.925052799,64.12406574,200.3661098,117.2097861,26.37896087,0,33.94956527,7.5706044
768,32,67.83123146,0.061496074,8.322517849,63.83123146,2.645551601,54.23286576,4.925052799,67.3466351,111.4184002,117.2097861,26.37896087,0,33.94956527,7.5706044
792,33,67.83123146,0.061496074,6.123972471,63.83123146,2.645551601,54.23286576,4.925052799,70.77275819,66.84397884,117.2097861,26.37896087,0,33.94956527,7.5706044
816,34,67.83123146,0.061496074,4.506213087,63.83123146,2.645551601,54.23286576,4.925052799,74.47532381,43.0644431,117.2097861,26.37896087,0,33.94956527,7.5706044
840,35,67.83123146,0.061496074,3.315814449,63.83123146,2.645551601,54.23286576,4.925052799,78.54484567,29.63568288,117.2097861,26.37896087,0,33.94956527,7.5706044
864,36,67.83123146,0.061496074,2.439881395,63.83123146,2.645551601,54.23286576,4.925052799,83.08725745,21.64514492,117.2097861,26.37896087,0,33.94956527,7.5706044
888,37,67.83123146,0.061496074,1.795342087,63.83123146,2.645551601,54.23286576,4.925052799,88.22016377,16.65536641,117.2097861,26.37896087,0,33.94956527,7.5706044
912,38,67.83123146,0.061496074,1.321069632,63.83123146,2.645551601,54.23286576,4.925052799,94.06773293,13.39745854,117.2097861,26.37896087,0,33.94956527,7.5706044
936,39,67.83123146,0.061496074,0.972084925,63.83123146,2.645551601,54.23286576,4.925052799,100.7545491,11.18142661,117.2097861,26.37896087,0,33.94956527,7.5706044
960,40,67.83123146,0.061496074,0.715290915,63.83123146,2.645551601,54.23286576,4.925052799,108.3988438,9.616776619,117.2097861,26.37896087,0,33.94956527,7.5706044
984,41,67.83123146,0.061341424,0.51906435,63.83123146,2.645551601,54.09735462,4.912522027,117.1055892,8.474214849,116.9330029,26.33885455,0.012530772,33.90945895,7.5706044
1008,42,67.83123146,0.06106406,0.371605045,63.83123146,2.645551601,53.85435806,4.890040998,126.9599508,7.614414572,116.4541842,26.27001875,0.035011801,33.84062315,7.5706044
1032,43,67.83123146,0.060694923,0.262551861,63.83123146,2.645551601,53.53101243,4.860112591,138.0215697,6.949970293,115.8418562,26.18263526,0.064940207,33.75323966,7.5706044
1056,44,67.83123146,0.06026285,0.183129263,63.83123146,2.645551601,53.15259449,4.82507156,150.3200707,6.424387697,115.1558361,26.08540574,0.099981239,33.65601014,7.5706044
1080,45,67.83123146,0.059793712,0.126132315,63.83123146,2.645551601,52.74177302,4.787014466,163.8520937,6.000117471,114.445715,25.98540394,0.138038332,33.55600834,7.5706044
1104,46,67.83123146,0.059309833,0.085805507,63.83123146,2.645551601,52.31809935,4.747751718,178.580018,5.651541533,113.7502798,25.88805534,0.177301081,33.45865974,7.5706044
1128,47,67.83123146,0.058829671,0.057662468,63.83123146,2.645551601,51.89773434,4.708781528,194.4324243,5.360750329,113.0977576,25.79722395,0.216271271,33.36782835,7.5706044
1152,48,67.83123146,0.058367758,0.038282754,63.83123146,2.645551601,51.49339254,4.671284061,211.3061699,5.114941084,112.506708,25.71537929,0.253768738,33.28598369,7.5706044
1176,49,67.83123146,0.057934836,0.025110827,63.83123146,2.645551601,51.11447126,4.63613282,229.0698269,4.904775859,111.9873599,25.6438148,0.288919979,33.2144192,7.5706044
1200,50,67.83123146,0.057538175,0.016272603,63.83123146,2.645551601,50.76732469,4.603919572,247.5681652,4.723318597,111.5431911,25.58288967,0.321133227,33.15349407,7.5706044
1224,51,67.83123146,0.057181999,0.010417365,63.83123146,2.645551601,50.45563926,4.574988796,266.6273616,4.565329527,111.1725693,25.53227036,0.350064003,33.10287476,7.5706044
1248,52,67.83123146,0.056867976,0.006587327,63.83123146,2.645551601,50.18086794,4.549477687,286.0606445,4.426786116,110.8703098,25.49115337,0.375575112,33.06175777,7.5706044
1272,53,67.83123146,0.056595745,0.00411376,63.83123146,2.645551601,49.94268476,4.527358142,305.6741243,4.304551694,110.629048,25.45845717,0.397694657,33.02906157,7.5706044
1296,54,67.83123146,0.056363414,0.002536651,63.83123146,2.645551601,49.73942794,4.508477772,325.2725934,4.196142811,110.4403684,25.43297682,0.416575027,33.00358122,7.5706044
1320,55,67.83123146,0.056168029,0.001544107,63.83123146,2.645551601,49.56850724,4.492597649,344.6651011,4.099564011,110.2956683,25.41349995,0.43245515,32.98410435,7.5706044
1344,56,67.83123146,0.056005982,0.000927648,63.83123146,2.645551601,49.42675939,4.479425299,363.6701261,4.013189338,110.1867666,25.3988867,0.4456275,32.9694911,7.5706044
1368,57,67.83123146,0.055873342,0.000549882,63.83123146,2.645551601,49.31074302,4.468642096,382.1201814,3.935676628,110.1062862,25.3881183,0.456410703,32.9587227,7.5706044
0,0,5,0.006,0.241610738,1,0,12,0.0003,0,0,0,0,0,0.0003,0.0003
24,1,5,0.00519135,-46.49175898,1,-0.00239862,12,-0.06663824,3.61003E-10,361.0026361,5.5643E-13,5.46734E-10,0,-0.06903686,-0.06903686
48,2,17.056,0.048718679,23166.46507,37.168,1.552334304,48.168,3.536457327,7.49776E-10,388.7732533,0.36168,4.826348584,0,9.915140215,5.088791631
72,3,29.112,0.080387752,55892.00182,73.336,3.062467028,75.36198496,6.157952815,1.34948E-09,599.7012398,7.6459152,4.210866998,0,13.43128684,9.220419843
96,4,41.168,0.112142631,95504.87154,109.504,4.556234281,102.5559699,8.786551135,2.28531E-09,935.8279782,112.4256446,5.746867152,0,19.08965257,13.34278542
120,5,53.224,0.144535002,139237.6177,145.672,6.060269153,129.7499549,11.46791963,3.63588E-09,1350.575567,224.5464446,37.91562047,0,55.44380925,17.52818878
144,6,65.28,0.177570712,189206.0237,181.84,7.600540675,156.9439398,14.20254223,5.40653E-09,1770.645068,336.6672446,105.954746,0,127.7578289,21.80308291
168,7,70.00355666,0.190613347,176256.9908,196.01067,8.213177087,167.5985789,15.2821826,7.28912E-09,1882.596843,377.7621875,131.9082458,0,155.4036055,23.49535968
192,8,71.2995223,0.194234692,139703.4036,199.8985669,8.383109268,170.5218097,15.58194947,9.19853E-09,1909.405601,389.0370886,139.4390965,0,163.4041552,23.96505873
216,9,71.59538833,0.195073672,104991.535,200.786165,8.422414372,171.1891767,15.65139838,1.11139E-08,1915.348155,391.611123,141.2772854,0,165.3510981,24.07381275
240,10,71.6605113,0.195260703,77727.14777,200.9815339,8.431166444,171.3360706,15.6668804,1.30305E-08,1916.573895,392.1776929,141.6898663,0,165.7879132,24.09804685
264,11,71.67400344,0.195299865,57295.87164,201.0220103,8.43299742,171.366504,15.67012213,1.49472E-08,1916.785704,392.2950745,141.7802059,0,165.8833254,24.10311955
288,12,71.67660981,0.195307494,42185.17451,201.0298294,8.433353901,171.372383,15.67075366,7.29745E-05,72959537.32,392.3177499,141.7994399,0,165.9035474,24.10410756
312,13,71.67707512,0.195308865,31050.07828,201.0312254,8.433417945,171.3734326,15.67086717,0.000690451,617476117,392.3217981,141.8030036,0,165.9072887,24.10428512
336,14,71.67715164,0.195309092,22852.47231,201.0314549,8.433428531,171.3736052,15.67088594,0.003500984,2810533264,392.3224638,141.8035903,0,165.9079047,24.10431447
360,15,71.67716322,0.195309126,16818.85547,201.0314897,8.433430139,171.3736313,15.67088879,0.012639832,9138848390,392.3225646,141.8036887,0,165.9080076,24.10431893
384,16,71.67716482,0.195309131,12378.21963,201.0314945,8.433430362,171.3736349,15.67088918,0.036435425,23795592500,392.3225785,141.8037021,0,165.9080217,24.10431954
408,17,71.67716503,0.195309132,9110.026615,201.0314951,8.43343039,171.3736354,15.67088923,0.089175887,52740461853,392.3225803,141.8037038,0,165.9080235,24.10431962
432,18,71.67716505,0.195309132,6704.726365,201.0314951,8.433430393,171.3736354,15.67088924,0.19249614,1.0332E+11,392.3225805,141.8037041,0,165.9080237,24.10431963
456,19,71.67716505,0.195309132,4934.492151,201.0314952,8.433430394,171.3736355,15.67088924,0.375977082,1.83481E+11,392.3225805,141.8037041,0,165.9080237,24.10431963
480,20,71.67716505,0.195309132,3631.648989,201.0314952,8.433430394,171.3736355,15.67088924,0.676693393,338508830.9,392.3225805,141.8037041,0,165.9080237,24.10431963
504,21,71.67716505,0.195309132,2672.792655,201.0314952,8.433430394,171.3736355,15.67088924,1.137662386,16265921.04,392.3225805,141.8037041,0,165.9080237,24.10431963
528,22,71.67716505,0.195309132,1967.10106,201.0314952,8.433430394,171.3736355,15.67088924,1.805393355,1253937.117,392.3225805,141.8037041,0,165.9080237,24.10431963
552,23,71.67716505,0.195309132,1447.731672,201.0314952,8.433430394,171.3736355,15.67088924,2.726981872,183623.1412,392.3225805,141.8037041,0,165.9080237,24.10431963
576,24,71.67716505,0.195309132,1065.490247,201.0314952,8.433430394,171.3736355,15.67088924,3.947401879,39767.4751,392.3225805,141.8037041,0,165.9080237,24.10431963
600,25,71.67716505,0.195309132,784.1711893,201.0314952,8.433430394,171.3736355,15.67088924,5.507785869,11162.93188,392.3225805,141.8037041,1E-17,165.9080237,24.10431963
624,26,71.67716505,0.195309132,577.1281865,201.0314952,8.433430394,171.3736355,15.67088924,7.445525042,3779.42298,392.3225805,141.8037041,9E-17,165.9080237,24.10431963
648,27,71.67716505,0.195309132,424.7502946,201.0314952,8.433430394,171.3736355,15.67088924,9.796954136,1479.088011,392.3225805,141.8037041,1.03E-15,165.9080237,24.10431963
672,28,71.67716505,0.195309132,312.604404,201.0314952,8.433430394,171.3736355,15.67088924,12.60320466,651.6975564,392.3225805,141.8037041,9.34E-15,165.9080237,24.10431963
696,29,71.67716505,0.195309132,230.0681475,201.0314952,8.433430394,171.3736355,15.67088924,15.91951328,317.9870049,392.3225805,141.8037041,7.041E-14,165.9080237,24.10431963
720,30,71.67716505,0.195309132,169.3237581,201.0314952,8.433430394,171.3736355,15.67088924,19.82786192,170.0595695,392.3225805,141.8037041,4.5108E-13,165.9080237,24.10431963
744,31,71.67716505,0.195309132,124.6175769,201.0314952,8.433430394,171.3736355,15.67088924,24.4523204,99.01967647,392.3225805,141.8037041,2.50834E-12,165.9080237,24.10431963
768,32,71.67716505,0.195309132,91.71507093,201.0314952,8.433430394,171.3736355,15.67088924,29.97590594,62.4504973,392.3225805,141.8037041,1.23129E-11,165.9080237,24.10431963
792,33,71.67716505,0.195309132,67.49974158,201.0314952,8.433430394,171.3736355,15.67088924,36.65724211,42.43489667,392.3225805,141.8037041,5.4102E-11,165.9080237,24.10431963
816,34,71.67716505,0.195309132,49.67793264,201.0314952,8.433430394,171.3736355,15.67088924,44.84489123,30.86088538,392.3225805,141.8037041,2.15266E-10,165.9080237,24.10431963
840,35,71.67716505,0.195309132,36.56157691,201.0314952,8.433430394,171.3736354,15.67088924,54.98704998,23.82733787,392.3225805,141.8037041,7.83246E-10,165.9080237,24.10431963
864,36,71.67716505,0.195309132,26.90830387,201.0314952,8.433430394,171.3736354,15.67088924,67.63441388,19.35564819,392.3225805,141.8037041,2.62789E-09,165.9080237,24.10431963
888,37,71.67716505,0.195309132,19.80376338,201.0314952,8.433430394,171.3736353,15.67088923,83.43446357,16.39349533,392.3225805,141.8037041,8.18896E-09,165.9080237,24.10431963
912,38,71.67716505,0.195309131,14.57501916,201.0314952,8.433430394,171.3736351,15.67088922,103.1161746,14.35672773,392.3225805,141.8037041,2.38497E-08,165.9080237,24.10431963
936,39,71.67716505,0.195309131,10.72680882,201.0314952,8.433430394,171.3736346,15.67088917,127.4651162,12.90821026,392.3225805,141.8037041,6.5276E-08,165.9080237,24.10431963
960,40,71.67716505,0.195309129,7.89463301,201.0314952,8.433430394,171.3736333,15.67088907,157.2899553,11.84631209,392.3225805,141.8037041,1.6871E-07,165.9080237,24.10431963
984,41,71.67716505,0.194807766,5.729695691,201.0314952,8.433430394,170.935739,15.63020154,193.3823767,11.04642287,391.3647803,141.4992336,0.040687698,165.6035532,24.10431963
1008,42,71.67716505,0.193907661,4.102359015,201.0314952,8.433430394,170.149674,15.55713181,236.4732238,10.42916211,389.7044319,140.9730547,0.113757431,165.0773744,24.10431963
1032,43,71.67716505,0.192708554,2.898626886,201.0314952,8.433430394,169.1026037,15.45976058,287.1881652,9.942522427,387.5768391,140.3007475,0.211128658,164.4050672,24.10431963
1056,44,71.67716505,0.19130368,2.021840225,201.0314952,8.433430394,167.8759847,15.3456488,346.0063276,9.551531665,385.1884752,139.5480863,0.325240444,163.652406,24.10431963
1080,45,71.67716505,0.189776883,1.392571386,201.0314952,8.433430394,166.543042,15.22160138,413.2251126,9.232098303,382.7114056,138.7694658,0.44928786,162.8737854,24.10431963
1104,46,71.67716505,0.188200702,0.947331441,201.0314952,8.433430394,165.1671125,15.09351041,488.9338706,8.967250776,380.2809528,138.007339,0.577378833,162.1116586,24.10431963
1128,47,71.67716505,0.186635282,0.636609074,201.0314952,8.433430394,163.800694,14.96626461,572.9983197,8.744783152,377.9962333,137.2925391,0.704624625,161.3968587,24.10431963
1152,48,71.67716505,0.185128094,0.422645175,201.0314952,8.433430394,162.4852127,14.84372588,665.056405,8.555751663,375.9229867,136.6452935,0.827163362,160.7496131,24.10431963
1176,49,71.67716505,0.183714364,0.277223497,201.0314952,8.433430394,161.2513966,14.72876228,764.525176,8.393493323,374.0980106,136.0767114,0.94212696,160.181031,24.10431963
1200,50,71.67716505,0.18241804,0.179650266,201.0314952,8.433430394,160.120126,14.62332596,870.6175051,8.252969632,372.5345013,135.5905255,1.047563275,159.6948452,24.10431963
1224,51,71.67716505,0.181253147,0.115010594,201.0314952,8.433430394,159.1036213,14.52856274,982.3671021,8.130317191,371.2276708,135.1848938,1.142326496,159.2892134,24.10431963
1248,52,71.67716505,0.18022538,0.072728885,201.0314952,8.433430394,158.2068313,14.44494059,1098.660155,8.022533672,370.1601257,134.854104,1.225948648,158.9584237,24.10431963
1272,53,71.67716505,0.17933377,0.045421741,201.0314952,8.433430394,157.4288941,14.37238534,1218.271914,7.927254865,369.3066431,134.5900739,1.298503898,158.6943935,24.10431963
1296,54,71.67716505,0.178572332,0.028010591,201.0314952,8.433430394,156.7645694,14.31041377,1339.906524,7.842594531,368.638125,134.3835821,1.360475471,158.4879018,24.10431963
1320,55,71.67716505,0.177931569,0.017052377,201.0314952,8.433430394,156.2055588,14.25825658,1462.238388,7.767028362,368.1246481,134.2252106,1.412632658,158.3295303,24.10431963
1344,56,71.67716505,0.177399806,0.010245806,201.0314952,8.433430394,155.7416632,14.21496624,1583.953312,7.699309302,367.7376287,134.106007,1.455923001,158.2103266,24.10431963
1368,57,71.67716505,0.176964286,0.006074283,201.0314952,8.433430394,155.3617449,14.17950674,1703.787691,7.638405341,367.4512008,134.017901,1.491382494,158.1222207,24.10431963
0,0,5,0.004,0.10738255,1,0,8,0.0002,0,0,0,0,0,0.0002,0.0002
24,1,5,0.0034609,-20.66300399,1,-0.00239862,8,-0.044425493,3.08616E-10,308.6156934,3.7095E-13,4.67395E-10,0,-0.046824113,-0.046824114
48,2,17.056,0.032479119,10296.2067,25.112,1.033926304,32.112,2.357638218,6.35552E-10,326.9364702,0.24112,4.142716443,0,7.534280965,3.391564522
72,3,29.112,0.053591835,24840.8897,49.224,2.04077215,50.24132331,4.105301877,1.10771E-09,472.1624254,5.0972768,3.708886838,0,9.854960865,6.146074026
96,4,41.168,0.074761754,42446.60957,73.336,3.036958554,68.37064662,5.857700757,1.8185E-09,710.787155,74.95042971,4.437286838,0,13.33194615,8.894659311
120,5,53.224,0.096356668,61883.38566,97.448,4.040235338,86.49996992,7.645279754,2.83797E-09,1019.47286,149.6976297,21.40053683,0,33.08605192,11.68551509
144,6,65.28,0.118356775,84191.63729,121.56,5.067913626,104.6292932,9.46639973,4.19658E-09,1358.60718,223.0231948,60.91111666,0,75.44543001,14.53431336
168,7,69.09054916,0.125362848,75112.00447,129.1810983,5.397288503,110.3594423,10.04634688,5.63716E-09,1440.583001,245.1243799,73.79268926,0,89.23632465,15.44363538
192,8,70.04128675,0.127133501,58465.84164,131.0825735,5.48040983,111.7891229,10.19291755,7.09708E-09,1459.910845,250.638658,77.47068636,0,93.14401374,15.67332738
216,9,70.2660972,0.127557796,43743.42228,131.5321944,5.500301547,112.1271838,10.22803974,8.56133E-09,1464.257901,251.9425585,78.38849843,0,94.11683972,15.72834129
240,10,70.31625424,0.12765366,32344.42403,131.6325085,5.504790301,112.2026079,10.2359752,1.00265E-08,1465.179668,252.2334694,78.61353881,0,94.35430432,15.74076551
264,11,70.32694762,0.127674319,23834.34033,131.6538952,5.505756707,112.2186882,10.23768533,0.000166628,166617481.1,252.295491,78.66702831,0,94.41047035,15.74344203
288,12,70.32910013,0.127678514,17546.38554,131.6582003,5.505952805,112.221925,10.23803258,0.001397791,1231163268,252.3079756,78.67960696,0,94.42359235,15.74398539
312,13,70.32950452,0.127679308,12913.93881,131.659009,5.505989889,112.2225331,10.23809829,0.006410552,5012761364,252.310321,78.68209807,0,94.42618624,15.74408818
336,14,70.32957512,0.127679448,9503.878751,131.6591502,5.505996399,112.2226393,10.23810982,0.021263281,14852728788,252.3107305,78.68255282,0,94.42665905,15.74410622
360,15,70.32958654,0.12767947,6994.169863,131.6591731,5.505997456,112.2226565,10.2381117,0.057012851,35749569976,252.3107967,78.68263731,0,94.42674647,15.74410915
384,16,70.32958823,0.127679474,5147.186925,131.6591765,5.505997612,112.222659,10.23811197,0.131090692,74077841293,252.3108065,78.68264927,0,94.42675886,15.74410959
408,17,70.32958846,0.127679474,3787.942659,131.6591769,5.505997634,112.2226593,10.23811201,0.267996595,1.36906E+11,252.3108079,78.68265103,0,94.42676067,15.74410965
432,18,70.32958849,0.127679474,2787.640683,131.659177,5.505997636,112.2226594,10.23811202,0.499039586,2.31043E+11,252.310808,78.68265126,0,94.42676091,15.74410965
456,19,70.32958849,0.127679474,2051.493674,131.659177,5.505997637,112.2226594,10.23811202,0.861050296,3.62011E+11,252.3108081,78.68265128,0,94.42676093,15.74410965
480,20,70.32958849,0.127679474,1509.744891,131.659177,5.505997637,112.2226594,10.23811202,1.39418919,897490687,252.3108081,78.68265128,0,94.42676094,15.74410965
504,21,70.32958849,0.127679474,1111.058573,131.659177,5.505997637,112.2226594,10.23811202,2.139139452,39327893.22,252.3108081,78.68265128,0,94.42676094,15.74410965
528,22,70.32958849,0.127679474,817.6554601,131.659177,5.505997637,112.2226594,10.23811202,3.13409006,2795107.092,252.3108081,78.68265128,0,94.42676094,15.74410965
552,23,70.32958849,0.127679474,601.7328587,131.659177,5.505997637,112.2226594,10.23811202,4.411988419,380890.631,252.3108081,78.68265128,0,94.42676094,15.74410965
576,24,70.32958849,0.127679474,442.8300805,131.659177,5.505997637,112.2226594,10.23811202,5.998574956,77352.00369,252.3108081,78.68265128,0,94.42676094,15.74410965
600,25,70.32958849,0.127679474,325.8895993,131.659177,5.505997637,112.2226594,10.23811202,7.911698207,20486.55325,252.3108081,78.68265128,0,94.42676094,15.74410965
624,26,70.32958849,0.127679474,239.8302094,131.659177,5.505997637,112.2226594,10.23811202,10.16233967,6575.384956,252.3108081,78.68265128,0,94.42676094,15.74410965
648,27,70.32958849,0.127679474,176.4969777,131.659177,5.505997637,112.2226594,10.23811202,12.75764903,2447.614003,252.3108081,78.68265128,0,94.42676094,15.74410965
672,28,70.32958849,0.127679474,129.8884874,131.659177,5.505997637,112.2226594,10.23811202,15.7061065,1027.768676,252.3108081,78.68265128,0,94.42676094,15.74410965
696,29,70.32958849,0.127679474,95.58814769,131.659177,5.505997637,112.2226594,10.23811202,19.02469977,478.2349407,252.3108081,78.68265128,0,94.42676094,15.74410965
720,30,70.32958849,0.127679474,70.34568006,131.659177,5.505997637,112.2226594,10.23811202,22.74774457,243.8014427,252.3108081,78.68265128,0,94.42676094,15.74410965
744,31,70.32958849,0.127679474,51.76912435,131.659177,5.505997637,112.2226594,10.23811202,26.9367101,135.1841534,252.3108081,78.68265128,0,94.42676094,15.74410965
768,32,70.32958849,0.127679474,38.09817795,131.659177,5.505997637,112.2226594,10.23811202,31.69016294,81.12027697,252.3108081,78.68265128,0,94.42676094,15.74410965
792,33,70.32958849,0.127679474,28.03739067,131.659177,5.505997637,112.2226594,10.23811202,37.15275004,52.44693983,252.3108081,78.68265129,0,94.42676094,15.74410965
816,34,70.32958849,0.127679474,20.63340869,131.659177,5.505997637,112.2226594,10.23811202,43.52204164,36.34636576,252.3108081,78.68265129,0,94.42676094,15.74410965
840,35,70.32958849,0.127679474,15.18463538,131.659177,5.505997637,112.2226594,10.23811202,51.05208325,26.82369535,252.3108081,78.68265129,0,94.42676094,15.74410965
864,36,70.32958849,0.127679474,11.17474846,131.659177,5.505997637,112.2226594,10.23811202,60.05268112,20.91717754,252.3108081,78.68265129,0,94.42676094,15.74410965
888,37,70.32958849,0.127679474,8.223773584,131.659177,5.505997637,112.2226594,10.23811202,70.8837664,17.09017213,252.3108081,78.68265129,0,94.42676094,15.74410965
912,38,70.32958849,0.127679474,6.05207825,131.659177,5.505997637,112.2226594,10.23811202,83.94462331,14.50942486,252.3108081,78.68265129,0,94.42676094,15.74410965
936,39,70.32958849,0.127679474,4.453873988,131.659177,5.505997637,112.2226594,10.23811202,99.65827509,12.70454861,252.3108081,78.68265129,0,94.42676094,15.74410965
960,40,70.32958849,0.127679474,3.277715977,131.659177,5.505997637,112.2226594,10.23811202,118.4518364,11.40001071,252.3108081,78.68265129,0,94.42676094,15.74410965
984,41,70.32958849,0.127353945,2.378757592,131.659177,5.505997637,111.9380385,10.21170785,140.7340927,10.42881456,251.701265,78.52471818,0.026404164,94.26882783,15.74410965
1008,42,70.32958849,0.126769713,1.703091708,131.659177,5.505997637,111.4272955,10.164305,166.8718975,9.686489884,250.6452983,78.25223234,0.073807021,93.99634199,15.74410965
1032,43,70.32958849,0.125991662,1.203338906,131.659177,5.505997637,110.7471996,10.10115737,197.1671478,9.105727087,249.2930185,77.90461368,0.13695465,93.64872333,15.74410965
1056,44,70.32958849,0.125080372,0.839340456,131.659177,5.505997637,109.9507355,10.02717523,231.8360814,8.64195099,247.7759291,77.5160173,0.210936786,93.26012696,15.74410965
1080,45,70.32958849,0.124090294,0.578106379,131.659177,5.505997637,109.0855095,9.946775691,270.9924572,8.264876226,246.2034419,77.11457293,0.291336326,92.85868259,15.74410965
1104,46,70.32958849,0.123068491,0.393272271,131.659177,5.505997637,108.1926553,9.863779516,314.6358401,7.9534295,244.6614573,76.72214418,0.374332501,92.46625383,15.74410965
1128,47,70.32958849,0.122053952,0.264281182,131.659177,5.505997637,107.3062365,9.781354152,362.6457839,7.692618746,243.2127678,76.3545373,0.456757866,92.09864696,15.74410965
1152,48,70.32958849,0.12107742,0.175457228,131.659177,5.505997637,106.4531062,9.70199941,414.7820723,7.47156158,241.898909,76.02205912,0.536112607,91.76616878,15.74410965
1176,49,70.32958849,0.120161682,0.115086999,131.659177,5.505997637,105.6531597,9.627569768,470.6906145,7.282215334,240.7430206,75.73030999,0.61054225,91.47441964,15.74410965
1200,50,70.32958849,0.119322208,0.07458013,131.659177,5.505997637,104.919894,9.559325541,529.9142322,7.118538592,239.7532697,75.48109933,0.678786477,91.22520898,15.74410965
1224,51,70.32958849,0.118568031,0.0477452,131.659177,5.505997637,104.2611864,9.498004494,591.9074224,6.975924086,238.9264382,75.27338419,0.740107524,91.01749384,15.74410965
1248,52,70.32958849,0.117902789,0.030192045,131.659177,5.505997637,103.6801988,9.443905524,656.0541628,6.850806923,238.2513477,75.10415213,0.794206494,90.84826178,15.74410965
1272,53,70.32958849,0.11732581,0.018855584,131.659177,5.505997637,103.1763299,9.396976859,721.6878537,6.74038932,237.7118941,74.96919381,0.841135159,90.71330347,15.74410965
1296,54,70.32958849,0.116833175,0.011627488,131.659177,5.505997637,102.746146,9.356902436,788.1125222,6.642444674,237.2895545,74.86373467,0.881209582,90.60784433,15.74410965
1320,55,70.32958849,0.116418703,0.007078363,131.659177,5.505997637,102.3842377,9.323181632,854.6244236,6.555176738,236.965316,74.78291581,0.914930385,90.52702547,15.74410965
1344,56,70.32958849,0.116074805,0.004252804,131.659177,5.505997637,102.0839708,9.295199081,920.5331777,6.477117575,236.7210423,74.72213074,0.942912936,90.46624039,15.74410965
1368,57,70.32958849,0.115793204,0.002521175,131.659177,5.505997637,101.8381099,9.272282769,985.1815983,6.407053047,236.5403392,74.67723537,0.965829248,90.42134503,15.74410965
0,0,5,0.006,0.241610738,1,0,12,0.0003,0,0,0,0,0,0.0003,0.0003
24,1,5,0.00519135,-46.49175898,1,-0.00239862,12,-0.06663824,3.61003E-10,361.0026361,5.5643E-13,5.46734E-10,0,-0.06903686,-0.06903686
48,2,17.056,0.048718679,23166.46507,37.168,1.552334304,48.168,3.536457327,7.49776E-10,388.7732533,0.36168,4.826348584,0,9.915140215,5.088791631
72,3,29.112,0.080387752,55892.00182,73.336,3.062467028,75.36198496,6.157952815,1.34948E-09,599.7012398,7.6459152,4.210866998,0,13.43128684,9.220419843
96,4,41.168,0.112142631,95504.87154,109.504,4.556234281,102.5559699,8.786551135,2.28531E-09,935.8279782,112.4256446,5.746867152,0,19.08965257,13.34278542
120,5,53.224,0.144535002,139237.6177,145.672,6.060269153,129.7499549,11.46791963,3.63588E-09,1350.575567,224.5464446,37.91562047,0,55.44380925,17.52818878
144,6,65.28,0.177570712,189206.0237,181.84,7.600540675,156.9439398,14.20254223,5.40653E-09,1770.645068,336.6672446,105.954746,0,127.7578289,21.80308291
168,7,70.00355666,0.190613347,176256.9908,196.01067,8.213177087,167.5985789,15.2821826,7.28912E-09,1882.596843,377.7621875,131.9082458,0,155.4036055,23.49535968
192,8,71.2995223,0.194234692,139703.4036,199.8985669,8.383109268,170.5218097,15.58194947,9.19853E-09,1909.405601,389.0370886,139.4390965,0,163.4041552,23.96505873
216,9,71.59538833,0.195073672,104991.535,200.786165,8.422414372,171.1891767,15.65139838,1.11139E-08,1915.348155,391.611123,141.2772854,0,165.3510981,24.07381275
240,10,71.6605113,0.195260703,77727.14777,200.9815339,8.431166444,171.3360706,15.6668804,1.30305E-08,1916.573895,392.1776929,141.6898663,0,165.7879132,24.09804685
264,11,71.67400344,0.195299865,57295.87164,201.0220103,8.43299742,171.366504,15.67012213,1.49472E-08,1916.785704,392.2950745,141.7802059,0,165.8833254,24.10311955
288,12,71.67660981,0.195307494,42185.17451,201.0298294,8.433353901,171.372383,15.67075366,7.29745E-05,72959537.32,392.3177499,141.7994399,0,165.9035474,24.10410756
312,13,71.67707512,0.195308865,31050.07828,201.0312254,8.433417945,171.3734326,15.67086717,0.000690451,617476117,392.3217981,141.8030036,0,165.9072887,24.10428512
336,14,71.67715164,0.195309092,22852.47231,201.0314549,8.433428531,171.3736052,15.67088594,0.003500984,2810533264,392.3224638,141.8035903,0,165.9079047,24.10431447
360,15,71.67716322,0.195309126,16818.85547,201.0314897,8.433430139,171.3736313,15.67088879,0.012639832,9138848390,392.3225646,141.8036887,0,165.9080076,24.10431893
384,16,71.67716482,0.195309131,12378.21963,201.0314945,8.433430362,171.3736349,15.67088918,0.036435425,23795592500,392.3225785,141.8037021,0,165.9080217,24.10431954
408,17,71.67716503,0.195309132,9110.026615,201.0314951,8.43343039,171.3736354,15.67088923,0.089175887,52740461853,392.3225803,141.8037038,0,165.9080235,24.10431962
432,18,71.67716505,0.195309132,6704.726365,201.0314951,8.433430393,171.3736354,15.67088924,0.19249614,1.0332E+11,392.3225805,141.8037041,0,165.9080237,24.10431963
456,19,71.67716505,0.195309132,4934.492151,201.0314952,8.433430394,171.3736355,15.67088924,0.375977082,1.83481E+11,392.3225805,141.8037041,0,165.9080237,24.10431963
480,20,71.67716505,0.195309132,3631.648989,201.0314952,8.433430394,171.3736355,15.67088924,0.676693393,338508830.9,392.3225805,141.8037041,0,165.9080237,24.10431963
504,21,71.67716505,0.195309132,2672.792655,201.0314952,8.433430394,171.3736355,15.67088924,1.137662386,16265921.04,392.3225805,141.8037041,0,165.9080237,24.10431963
528,22,71.67716505,0.195309132,1967.10106,201.0314952,8.433430394,171.3736355,15.67088924,1.805393355,1253937.117,392.3225805,141.8037041,0,165.9080237,24.10431963
552,23,71.67716505,0.195309132,1447.731672,201.0314952,8.433430394,171.3736355,15.67088924,2.726981872,183623.1412,392.3225805,141.8037041,0,165.9080237,24.10431963
576,24,71.67716505,0.195309132,1065.490247,201.0314952,8.433430394,171.3736355,15.67088924,3.947401879,39767.4751,392.3225805,141.8037041,0,165.9080237,24.10431963
600,25,71.67716505,0.195309132,784.1711893,201.0314952,8.433430394,171.3736355,15.67088924,5.507785869,11162.93188,392.3225805,141.8037041,1E-17,165.9080237,24.10431963
624,26,71.67716505,0.195309132,577.1281865,201.0314952,8.433430394,171.3736355,15.67088924,7.445525042,3779.42298,392.3225805,141.8037041,9E-17,165.9080237,24.10431963
648,27,71.67716505,0.195309132,424.7502946,201.0314952,8.433430394,171.3736355,15.67088924,9.796954136,1479.088011,392.3225805,141.8037041,1.03E-15,165.9080237,24.10431963
672,28,71.67716505,0.195309132,312.604404,201.0314952,8.433430394,171.3736355,15.67088924,12.60320466,651.6975564,392.3225805,141.8037041,9.34E-15,165.9080237,24.10431963
696,29,71.67716505,0.195309132,230.0681475,201.0314952,8.433430394,171.3736355,15.67088924,15.91951328,317.9870049,392.3225805,141.8037041,7.041E-14,165.9080237,24.10431963
720,30,71.67716505,0.195309132,169.3237581,201.0314952,8.433430394,171.3736355,15.67088924,19.82786192,170.0595695,392.3225805,141.8037041,4.5108E-13,165.9080237,24.10431963
744,31,71.67716505,0.195309132,124.6175769,201.0314952,8.433430394,171.3736355,15.67088924,24.4523204,99.01967647,392.3225805,141.8037041,2.50834E-12,165.9080237,24.10431963
768,32,71.67716505,0.195309132,91.71507093,201.0314952,8.433430394,171.3736355,15.67088924,29.97590594,62.4504973,392.3225805,141.8037041,1.23129E-11,165.9080237,24.10431963
792,33,71.67716505,0.195309132,67.49974158,201.0314952,8.433430394,171.3736355,15.67088924,36.65724211,42.43489667,392.3225805,141.8037041,5.4102E-11,165.9080237,24.10431963
816,34,71.67716505,0.195309132,49.67793264,201.0314952,8.433430394,171.3736355,15.67088924,44.84489123,30.86088538,392.3225805,141.8037041,2.15266E-10,165.9080237,24.10431963
840,35,71.67716505,0.195309132,36.56157691,201.0314952,8.433430394,171.3736354,15.67088924,54.98704998,23.82733787,392.3225805,141.8037041,7.83246E-10,165.9080237,24.10431963
864,36,71.67716505,0.195309132,26.90830387,201.0314952,8.433430394,171.3736354,15.67088924,67.63441388,19.35564819,392.3225805,141.8037041,2.62789E-09,165.9080237,24.10431963
888,37,71.67716505,0.195309132,19.80376338,201.0314952,8.433430394,171.3736353,15.67088923,83.43446357,16.39349533,392.3225805,141.8037041,8.18896E-09,165.9080237,24.10431963
912,38,71.67716505,0.195309131,14.57501916,201.0314952,8.433430394,171.3736351,15.67088922,103.1161746,14.35672773,392.3225805,141.8037041,2.38497E-08,165.9080237,24.10431963
936,39,71.67716505,0.195309131,10.72680882,201.0314952,8.433430394,171.3736346,15.67088917,127.4651162,12.90821026,392.3225805,141.8037041,6.5276E-08,165.9080237,24.10431963
960,40,71.67716505,0.195309129,7.89463301,201.0314952,8.433430394,171.3736333,15.67088907,157.2899553,11.84631209,392.3225805,141.8037041,1.6871E-07,165.9080237,24.10431963
984,41,71.67716505,0.194807766,5.729695691,201.0314952,8.433430394,170.935739,15.63020154,193.3823767,11.04642287,391.3647803,141.4992336,0.040687698,165.6035532,24.10431963
1008,42,71.67716505,0.193907661,4.102359015,201.0314952,8.433430394,170.149674,15.55713181,236.4732238,10.42916211,389.7044319,140.9730547,0.113757431,165.0773744,24.10431963
1032,43,71.67716505,0.192708554,2.898626886,201.0314952,8.433430394,169.1026037,15.45976058,287.1881652,9.942522427,387.5768391,140.3007475,0.211128658,164.4050672,24.10431963
1056,44,71.67716505,0.19130368,2.021840225,201.0314952,8.433430394,167.8759847,15.3456488,346.0063276,9.551531665,385.1884752,139.5480863,0.325240444,163.652406,24.10431963
1080,45,71.67716505,0.189776883,1.392571386,201.0314952,8.433430394,166.543042,15.22160138,413.2251126,9.232098303,382.7114056,138.7694658,0.44928786,162.8737854,24.10431963
1104,46,71.67716505,0.188200702,0.947331441,201.0314952,8.433430394,165.1671125,15.09351041,488.9338706,8.967250776,380.2809528,138.007339,0.577378833,162.1116586,24.10431963
1128,47,71.67716505,0.186635282,0.636609074,201.0314952,8.433430394,163.800694,14.96626461,572.9983197,8.744783152,377.9962333,137.2925391,0.704624625,161.3968587,24.10431963
1152,48,71.67716505,0.185128094,0.422645175,201.0314952,8.433430394,162.4852127,14.84372588,665.056405,8.555751663,375.9229867,136.6452935,0.827163362,160.7496131,24.10431963
1176,49,71.67716505,0.183714364,0.277223497,201.0314952,8.433430394,161.2513966,14.72876228,764.525176,8.393493323,374.0980106,136.0767114,0.94212696,160.181031,24.10431963
1200,50,71.67716505,0.18241804,0.179650266,201.0314952,8.433430394,160.120126,14.62332596,870.6175051,8.252969632,372.5345013,135.5905255,1.047563275,159.6948452,24.10431963
1224,51,71.67716505,0.181253147,0.115010594,201.0314952,8.433430394,159.1036213,14.52856274,982.3671021,8.130317191,371.2276708,135.1848938,1.142326496,159.2892134,24.10431963
1248,52,71.67716505,0.18022538,0.072728885,201.0314952,8.433430394,158.2068313,14.44494059,1098.660155,8.022533672,370.1601257,134.854104,1.225948648,158.9584237,24.10431963
1272,53,71.67716505,0.17933377,0.045421741,201.0314952,8.433430394,157.4288941,14.37238534,1218.271914,7.927254865,369.3066431,134.5900739,1.298503898,158.6943935,24.10431963
1296,54,71.67716505,0.178572332,0.028010591,201.0314952,8.433430394,156.7645694,14.31041377,1339.906524,7.842594531,368.638125,134.3835821,1.360475471,158.4879018,24.10431963
1320,55,71.67716505,0.177931569,0.017052377,201.0314952,8.433430394,156.2055588,14.25825658,1462.238388,7.767028362,368.1246481,134.2252106,1.412632658,158.3295303,24.10431963
1344,56,71.67716505,0.177399806,0.010245806,201.0314952,8.433430394,155.7416632,14.21496624,1583.953312,7.699309302,367.7376287,134.106007,1.455923001,158.2103266,24.10431963
1368,57,71.67716505,0.176964286,0.006074283,201.0314952,8.433430394,155.3617449,14.17950674,1703.787691,7.638405341,367.4512008,134.017901,1.491382494,158.1222207,24.10431963
0,0,5,0.012,0.966442953,1,0,24,0.0006,0,0,0,0,0,0.0006,0.0006
24,1,5,0.0103827,-185.9670359,1,-0.00239862,24,-0.13327648,5.16838E-10,516.8382,1.11286E-12,7.82745E-10,0,-0.135675099,-0.1356751
48,2,17.056,0.097437358,92665.86028,73.336,3.107558304,96.336,7.072914654,1.0893E-09,572.4574749,0.72336,6.492373919,0,16.67284688,10.18047296
72,3,29.112,0.160775504,223568.0073,145.672,6.127551662,150.7239699,12.31590563,2.03016E-09,940.8596333,15.2918304,5.493981484,0,23.93743878,18.44345729
96,4,41.168,0.224285262,382019.4862,218.008,9.114061462,205.1119398,17.57310227,3.50264E-09,1472.48705,224.8512891,10.3520329,0,37.03919663,26.68716373
120,5,53.224,0.289070004,556950.4709,290.344,12.1203706,259.4999098,22.93583926,5.55357E-09,2050.924915,449.0928891,94.64114269,0,129.6973526,35.05620986
144,6,65.28,0.355180052,756334.5825,362.68,15.19842182,313.8878797,28.40828206,8.06661E-09,2513.041825,673.3344891,233.0164422,0,276.6231461,43.60670388
168,7,70.49961159,0.383909274,721368.8841,393.9976695,16.55034518,337.4349996,30.78642327,1.06697E-08,2603.092769,764.1557308,274.355345,0,321.6921135,47.33676845
192,8,71.54637265,0.389703448,563403.5579,400.2782359,16.82310336,342.15723,31.26605207,1.32849E-08,2615.187155,782.3693732,281.5239921,0,329.6131476,48.08915544
216,9,71.6928682,0.390520449,418962.063,401.1572092,16.86154113,342.8181122,31.33368158,1.59015E-08,2616.602721,784.9183958,282.4975396,0,330.6927623,48.19522271
240,10,71.71127694,0.390623763,308860.1187,401.2676617,16.86639962,342.9011591,31.34223374,1.85182E-08,2616.749805,785.2387079,282.6100077,0,330.818641,48.20863336
264,11,71.71337329,0.390635588,227369.1732,401.2802397,16.86695553,342.9106163,31.3432126,2.1135E-08,2616.730055,785.2751844,282.6225202,0,330.8326883,48.21016813
288,12,71.71359011,0.390636816,167343.319,401.2815406,16.86701324,342.9115945,31.34331424,2.37516E-08,2616.607916,785.278957,282.6238298,0,330.8341573,48.21032748
312,13,71.71361045,0.390636932,123160.7564,401.2816627,16.86701867,342.9116862,31.3433238,2.1708E-05,21684225.37,785.2793109,282.623955,0,330.8342974,48.21034247
336,14,71.71361217,0.390636942,90643.08962,401.281673,16.86701913,342.911694,31.34332462,0.000244023,222314794.2,785.279341,282.6239648,0,330.8343086,48.21034375
360,15,71.71361231,0.390636942,66710.91049,401.2816738,16.86701916,342.9116946,31.34332468,0.001422878,1178854954,785.2793433,282.6239656,0,330.8343095,48.21034384
384,16,71.71361232,0.390636943,49097.45903,401.2816739,16.86701917,342.9116947,31.34332469,0.005774971,4352093436,785.2793435,282.6239657,0,330.8343095,48.21034385
408,17,71.71361232,0.390636943,36134.42622,401.2816739,16.86701917,342.9116947,31.34332469,0.018407435,12632463398,785.2793435,282.6239657,0,330.8343095,48.21034385
432,18,71.71361232,0.390636943,26593.97825,401.2816739,16.86701917,342.9116947,31.34332469,0.049193704,30786269527,785.2793435,282.6239657,0,330.8343095,48.21034385
456,19,71.71361232,0.390636943,19572.46187,401.2816739,16.86701917,342.9116947,31.34332469,0.114802572,65608867614,785.2793435,282.6239657,0,330.8343095,48.21034385
480,20,71.71361232,0.390636943,14404.81224,401.2816739,16.86701917,342.9116947,31.34332469,0.24045695,70774769.84,785.2793435,282.6239657,0,330.8343095,48.21034385
504,21,71.71361232,0.390636943,10601.55933,401.2816739,16.86701917,342.9116947,31.34332469,0.460989362,3891617.817,785.2793435,282.6239657,0,330.8343095,48.21034385
528,22,71.71361232,0.390636943,7802.466176,401.2816739,16.86701917,342.9116947,31.34332469,0.820901232,337998.1572,785.2793435,282.6239657,0,330.8343095,48.21034385
552,23,71.71361232,0.390636943,5742.407933,401.2816739,16.86701917,342.9116947,31.34332469,1.373412567,55051.98524,785.2793435,282.6239657,0,330.8343095,48.21034385
576,24,71.71361232,0.390636943,4226.259766,401.2816739,16.86701917,342.9116947,31.34332469,2.178865237,13124.94267,785.2793435,282.6239657,0,330.8343095,48.21034385
600,25,71.71361232,0.390636943,3110.414972,401.2816739,16.86701917,342.9116947,31.34332469,3.30326064,4022.262258,785.2793435,282.6239657,2E-17,330.8343095,48.21034385
624,26,71.71361232,0.390636943,2289.182832,401.2816739,16.86701917,342.9116947,31.34332469,4.818112599,1477.176741,785.2793435,282.6239657,3.6E-16,330.8343095,48.21034385
648,27,71.71361232,0.390636943,1684.777782,401.2816739,16.86701917,342.9116947,31.34332469,6.803109642,624.0940052,785.2793435,282.6239657,4.09E-15,330.8343095,48.21034385
672,28,71.71361232,0.390636943,1239.951713,401.2816739,16.86701917,342.9116947,31.34332469,9.353214366,295.9245226,785.2793435,282.6239657,3.726E-14,330.8343095,48.21034385
696,29,71.71361232,0.390636943,912.5715381,401.2816739,16.86701917,342.9116947,31.34332469,12.59166871,155.1175137,785.2793435,282.6239657,2.8088E-13,330.8343095,48.21034385
720,30,71.71361232,0.390636943,671.6284217,401.2816739,16.86701917,342.9116947,31.34332469,16.68982335,89.0489783,785.2793435,282.6239657,1.79971E-12,330.8343095,48.21034385
744,31,71.71361232,0.390636943,494.3006856,401.2816739,16.86701917,342.9116947,31.34332469,21.89373274,55.6279093,785.2793435,282.6239657,1.0009E-11,330.8343095,48.21034385
768,32,71.71361232,0.390636943,363.7921803,401.2816739,16.86701917,342.9116947,31.34332469,28.55612995,37.59474365,785.2793435,282.6239657,4.91393E-11,330.8343095,48.21034385
792,33,71.71361232,0.390636943,267.7413856,401.2816739,16.86701917,342.9116947,31.34332469,37.17091305,27.30096278,785.2793435,282.6239657,2.15948E-10,330.8343095,48.21034385
816,34,71.71361232,0.390636943,197.0505511,401.2816739,16.86701917,342.9116947,31.34332469,48.40592524,21.12528708,785.2793435,282.6239657,8.59378E-10,330.8343095,48.21034385
840,35,71.71361232,0.390636942,145.0239739,401.2816739,16.86701917,342.9116946,31.34332468,63.128906,17.25208632,785.2793435,282.6239657,3.12738E-09,330.8343095,48.21034385
864,36,71.71361232,0.390636942,106.7337945,401.2816739,16.86701917,342.9116945,31.34332468,82.42128738,14.72413648,785.2793435,282.6239657,1.04946E-08,330.8343095,48.21034385
888,37,71.71361232,0.390636942,78.55323906,401.2816739,16.86701917,342.9116942,31.34332465,107.5751437,13.01378789,785.2793435,282.6239657,3.2709E-08,330.8343095,48.21034385
912,38,71.71361232,0.390636941,57.81309847,401.2816739,16.86701917,342.9116934,31.34332459,140.0700487,11.81835843,785.2793435,282.6239657,9.52798E-08,330.8343095,48.21034385
936,39,71.71361232,0.390636939,42.54890557,401.2816739,16.86701917,342.9116913,31.34332443,181.5286726,10.95786438,785.2793435,282.6239657,2.60825E-07,330.8343095,48.21034385
960,40,71.71361232,0.390636933,31.31486468,401.2816739,16.86701917,342.911686,31.34332401,233.6523604,10.32173543,785.2793435,282.6239657,6.74236E-07,330.8343095,48.21034385
984,41,71.71361232,0.389635054,22.72751226,401.2816739,16.86701917,342.036363,31.2620193,298.1403182,9.839994301,783.3667984,281.9864853,0.081305391,330.1968292,48.21034385
1008,42,71.71361232,0.387836483,16.27259081,401.2816739,16.86701917,340.4651754,31.11601561,376.5980527,9.467131441,780.0520749,280.8839351,0.227309072,329.0942789,48.21034385
1032,43,71.71361232,0.385440588,11.49790951,401.2816739,16.86701917,338.372419,30.92146565,470.4420836,9.172799928,775.8054109,279.4741929,0.421859032,327.6845367,48.21034385
1056,44,71.71361232,0.382633647,8.020058951,401.2816739,16.86701917,335.9208852,30.69347555,580.8085195,8.936291788,771.0392209,277.8949622,0.649849138,326.105306,48.21034385
1080,45,71.71361232,0.379583175,5.52398888,401.2816739,16.86701917,333.2569215,30.4456413,708.4728153,8.743172574,766.0970141,276.2603437,0.897683388,324.4706875,48.21034385
1104,46,71.71361232,0.376434005,3.757872499,401.2816739,16.86701917,330.5070209,30.18972715,853.7869967,8.583180972,761.2487944,274.6595493,1.153597535,322.8698932,48.21034385
1128,47,71.71361232,0.373306108,2.525326067,401.2816739,16.86701917,327.7759298,29.93548548,1016.63901,8.448888367,756.6921917,273.1574924,1.40783921,321.3678362,48.21034385
1152,48,71.71361232,0.370294015,1.676580394,401.2816739,16.86701917,325.1461564,29.69060733,1196.436311,8.33482805,752.5581648,271.7968535,1.652717355,320.0071973,48.21034385
1176,49,71.71361232,0.367467616,1.099716972,401.2816739,16.86701917,322.6786754,29.46078489,1392.113337,8.236918104,748.9198967,270.6011618,1.882539801,318.8115057,48.21034385
1200,50,71.71361232,0.364874031,0.712654129,401.2816739,16.86701917,320.4145684,29.24986172,1602.160807,8.15207031,745.8034884,269.5784275,2.093462966,317.7887714,48.21034385
1224,51,71.71361232,0.362540229,0.456231342,401.2816739,16.86701917,318.3773202,29.06004478,1824.673822,8.077919318,743.1991891,268.7249129,2.283279905,316.9352567,48.21034385
1248,52,71.71361232,0.360476091,0.288499408,401.2816739,16.86701917,316.5754908,28.89215207,2057.415345,8.012631612,741.072142,268.028711,2.451172613,316.2390548,48.21034385
1272,53,71.71361232,0.358677609,0.180170764,401.2816739,16.86701917,315.0055147,28.74587269,2297.891511,7.954768843,739.3719168,267.472899,2.597451993,315.6832429,48.21034385
1296,54,71.71361232,0.357129999,0.111099902,401.2816739,16.86701917,313.6544179,28.62001974,2543.43504,7.903189012,738.0403975,267.0381321,2.723304943,315.2484759,48.21034385
1320,55,71.71361232,0.355810546,0.067628674,401.2816739,16.86701917,312.5022978,28.51276149,2791.292986,7.856974477,737.0178589,266.704629,2.830563197,314.9149729,48.21034385
1344,56,71.71361232,0.354691051,0.040627891,401.2816739,16.86701917,311.5244648,28.42182118,3038.714915,7.815379177,736.2472786,266.4535724,2.921503511,314.6639162,48.21034385
1368,57,71.71361232,0.353739847,0.024081047,401.2816739,16.86701917,310.693194,28.34464068,3283.037612,7.777789701,735.6770762,266.2679891,2.99868401,314.478333,48.21034385
1392,58,71.71361232,0.352923348,0.014078651,401.2816739,16.86701917,309.9790818,28.27850729,3521.76266,7.743696394,735.2625567,266.1332071,3.064817392,314.343551,48.21034385
1416,59,71.71361232,0.352207189,0.008116258,401.2816739,16.86701917,309.3520365,28.22064628,3752.623589,7.712671742,734.9663658,266.036989,3.122678406,314.2473329,48.21034385
1440,60,71.71361232,0.351556996,0.004612477,401.2816739,16.86701917,308.7819538,28.16828395,3973.64002,7.68435405,734.7582544,265.969443,3.175040735,314.1797869,48.21034385
1464,61,71.71361232,0.350938883,0.002583294,401.2816739,16.86701917,308.2391473,28.11868762,4183.156988,7.658434988,734.6144108,265.922795,3.224637068,314.1331389,48.21034385
1488,62,71.71361232,0.350319741,0.001425478,401.2816739,16.86701917,307.6946036,28.06918903,4379.868655,7.634649971,734.5165699,265.8910905,3.274135653,314.1014344,48.21034385
1512,63,71.71361232,0.349667405,0.000774817,401.2816739,16.86701917,307.1201339,28.01719783,4562.826516,7.612770637,734.4510545,265.8698765,3.326126856,314.0802203,48.21034385
1536,64,71.71361232,0.348950782,0.000414794,401.2816739,16.86701917,306.4884801,27.96021065,4731.433134,7.592598882,734.4078513,265.8558969,3.383114037,314.0662408,48.21034385
1560,65,71.71361232,0.348139967,0.000218717,401.2816739,16.86701917,305.7734267,27.8958205,4885.423184,7.573962077,734.3797845,265.8468211,3.447504185,314.057165,48.21034385
1584,66,71.71361232,0.347206411,0.000113639,401.2816739,16.86701917,304.9499502,27.82172954,5024.834115,7.556709181,734.3618151,265.841014,3.521595149,314.0513578,48.21034385
1608,67,71.71361232,0.346123157,5.82463E-05,401.2816739,16.86701917,303.994424,27.735767,5149.969071,7.540707556,734.3504729,265.8373506,3.607557682,314.0476945,48.21034385
1632,68,71.71361232,0.344865136,2.95304E-05,401.2816739,16.86701917,302.8848844,27.6359128,5261.354823,7.52584032,734.3434123,265.8350713,3.707411889,314.0454152,48.21034385
1656,69,71.71361232,0.343409526,1.48939E-05,401.2816739,16.86701917,301.6013467,27.52032587,5359.697342,7.512004143,734.3390756,265.833672,3.822998819,314.0440159,48.21034385
1680,70,71.71361232,0.341736148,7.55955E-06,401.2816739,16.86701917,300.1261545,27.38737582,5445.837397,7.499107397,734.3364466,265.8328241,3.955948871,314.043168,48.21034385
1704,71,71.71361232,0.339827876,3.94542E-06,401.2816739,16.86701917,298.4443359,27.2356754,5520.708173,7.487068581,734.3348728,265.8323167,4.107649292,314.0426606,48.21034385
1728,72,71.71361232,0.337673341,2.19253E-06,401.2816739,16.86701917,296.5459884,27.06429626,5585.296466,7.475814997,734.3339421,265.8320168,4.279028432,314.0423606,48.21034385
1752,73,71.71361232,0.335428687,1.35437E-06,401.2816739,16.86701917,294.5687641,26.88564293,5640.608548,7.46528161,734.3333982,265.8318416,4.457681757,314.0421854,48.21034385
1776,74,71.71361232,0.333100143,9.56813E-07,401.2816739,16.86701917,292.5181643,26.70020733,5687.641336,7.455410084,734.3330838,265.8317403,4.643117357,314.0420842,48.21034385
1800,75,71.71361232,0.33069501,7.6764E-07,401.2816739,16.86701917,290.4006245,26.50856879,5727.359113,7.446147944,734.3329041,265.8316825,4.8347559,314.0420263,48.21034385
1824,76,71.71361232,0.328221432,6.75247E-07,401.2816739,16.86701917,288.2233145,26.31137568,5760.675712,7.437447869,734.3328025,265.8316497,5.031949009,314.0419936,48.21034385
1848,77,71.71361232,0.325688176,6.27036E-07,401.2816739,16.86701917,285.9939458,26.10932778,5788.441805,7.429267069,734.3327456,265.8316314,5.233996904,314.0419753,48.21034385
1872,78,71.71361232,0.323104428,5.98701E-07,401.2816739,16.86701917,283.7205907,25.90315957,5811.436779,7.421566761,734.332714,265.8316212,5.44016512,314.0419651,48.21034385
1896,79,71.71361232,0.320479596,5.79238E-07,401.2816739,16.86701917,281.4115125,25.69362458,5830.364543,7.414311707,734.3326966,265.8316157,5.649700111,314.0419595,48.21034385
1920,80,71.71361232,0.317823137,5.63761E-07,401.2816739,16.86701917,279.0750109,25.48148112,5845.85259,7.407469815,734.3326872,265.8316126,5.861843567,314.0419565,48.21034385
1944,81,71.71361232,0.315144393,5.50151E-07,401.2816739,16.86701917,276.719283,25.2674794,5858.453621,7.401011799,734.332682,265.831611,6.075845291,314.0419548,48.21034385
1968,82,71.71361232,0.312452456,5.37504E-07,401.2816739,16.86701917,274.3523012,25.05235019,5868.649081,7.394910875,734.3326793,265.8316101,6.290974495,314.0419539,48.21034385
1992,83,71.71361232,0.309756046,5.25445E-07,401.2816739,16.86701917,271.9817096,24.83679523,5876.854044,7.389142498,734.3326778,265.8316096,6.506529455,314.0419535,48.21034385
2016,84,71.71361232,0.307063416,5.13818E-07,401.2816739,16.86701917,269.614739,24.6214792,5883.422918,7.383684141,734.3326771,265.8316094,6.721845484,314.0419532,48.21034385
2040,85,71.71361232,0.304382273,5.02562E-07,401.2816739,16.86701917,267.2581395,24.40702345,5888.655591,7.378515086,734.3326767,265.8316092,6.936301235,314.0419531,48.21034385
2064,86,71.71361232,0.30171972,4.91651E-07,401.2816739,16.86701917,264.9181305,24.19400129,5892.803665,7.373616252,734.3326765,265.8316092,7.149323394,314.041953,48.21034385
2088,87,71.71361232,0.299082221,4.81073E-07,401.2816739,16.86701917,262.6003682,23.98293482,5896.076539,7.36897004,734.3326764,265.8316091,7.360389863,314.041953,48.21034385
2112,88,71.71361232,0.296475576,4.70821E-07,401.2816739,16.86701917,260.3099268,23.77429313,5898.647169,7.364560197,734.3326763,265.8316091,7.569031554,314.041953,48.21034385
2136,89,71.71361232,0.293904918,4.60888E-07,401.2816739,16.86701917,258.0512936,23.56849173,5900.657387,7.360371691,734.3326763,265.8316091,7.774832953,314.041953,48.21034385
2160,90,71.71361232,0.291374719,4.51269E-07,401.2816739,16.86701917,255.8283761,23.36589308,5902.222709,7.356390606,734.3326763,265.8316091,7.977431605,314.041953,48.21034385
2184,91,71.71361232,0.288888806,4.41958E-07,401.2816739,16.86701917,253.6445177,23.16680799,5903.436609,7.352604044,734.3326762,265.8316091,8.176516699,314.041953,48.21034385
2208,92,71.71361232,0.286450392,4.32947E-07,401.2816739,16.86701917,251.5025224,22.97149776,5904.374257,7.349000039,734.3326762,265.8316091,8.37182693,314.041953,48.21034385
2232,93,71.71361232,0.284062111,4.2423E-07,401.2816739,16.86701917,249.4046847,22.78017691,5905.095752,7.345567479,734.3326762,265.8316091,8.563147778,314.041953,48.21034385
2256,94,71.71361232,0.28172605,4.15799E-07,401.2816739,16.86701917,247.3528244,22.59301631,5905.648869,7.342296038,734.3326762,265.8316091,8.750308379,314.041953,48.21034385
2280,95,71.71361232,0.279443803,4.07647E-07,401.2816739,16.86701917,245.3483244,22.41014657,5906.071387,7.339176111,734.3326762,265.8316091,8.933178114,314.041953,48.21034385
2304,96,71.71361232,0.277216504,3.99764E-07,401.2816739,16.86701917,243.3921693,22.23166165,5906.393028,7.336198758,734.3326762,265.8316091,9.111663036,314.041953,48.21034385
2328,97,71.71361232,0.275044882,3.92143E-07,401.2816739,16.86701917,241.4849858,22.05762245,5906.637058,7.33335565,734.3326762,265.8316091,9.285702241,314.041953,48.21034385
2352,98,71.71361232,0.272929299,3.84774E-07,401.2816739,16.86701917,239.6270817,21.88806041,5906.821606,7.330639025,734.3326762,265.8316091,9.455264276,314.041953,48.21034385
2376,99,71.71361232,0.270869798,3.7765E-07,401.2816739,16.86701917,237.8184843,21.72298105,5906.960735,7.328041643,734.3326762,265.8316091,9.620343637,314.041953,48.21034385
2400,100,71.71361232,0.268866141,3.70761E-07,401.2816739,16.86701917,236.0589766,21.56236726,5907.065306,7.325556748,734.3326762,265.8316091,9.780957429,314.041953,48.21034385
2424,101,71.71361232,0.266917851,3.641E-07,401.2816739,16.86701917,234.3481317,21.40618247,5907.143383,7.296155233,734.3326762,265.8316091,9.937142213,314.041953,48.21034385
2448,102,71.71361232,0.265024247,3.57658E-07,401.2816739,16.86701917,232.6853449,21.25437361,5907.201515,7.267069448,734.3326762,265.8316091,10.08895108,314.041953,48.21034385
2472,103,71.71361232,0.263184479,3.51426E-07,401.2816739,16.86701917,231.0698625,21.10687374,5907.244679,7.238290475,734.3326762,265.8316091,10.23645095,314.041953,48.21034385
2496,104,71.71361232,0.261397554,3.45396E-07,401.2816739,16.86701917,229.5008088,20.96360456,5907.276645,7.209809872,734.3326762,265.8316091,10.37972013,314.041953,48.21034385
2520,105,71.71361232,0.259662369,3.39562E-07,401.2816739,16.86701917,227.9772099,20.82447857,5907.300256,7.181619648,734.3326762,265.8316091,10.51884611,314.041953,48.21034385
2544,106,71.71361232,0.257977732,3.33914E-07,401.2816739,16.86701917,226.4980147,20.68940107,5907.317655,7.153712225,734.3326762,265.8316091,10.65392362,314.041953,48.21034385
2568,107,71.71361232,0.256342383,3.28445E-07,401.2816739,16.86701917,225.0621141,20.55827186,5907.330443,7.126080414,734.3326762,265.8316091,10.78505283,314.041953,48.21034385
2592,108,71.71361232,0.254755015,3.23149E-07,401.2816739,16.86701917,223.6683571,20.43098676,5907.339822,7.098717385,734.3326762,265.8316091,10.91233793,314.041953,48.21034385
2616,109,71.71361232,0.253214288,3.18019E-07,401.2816739,16.86701917,222.3155649,20.30743896,5907.346685,7.071616647,734.3326762,265.8316091,11.03588573,314.041953,48.21034385
2640,110,71.71361232,0.251718845,3.13047E-07,401.2816739,16.86701917,221.0025436,20.1875201,5907.351696,7.04477202,734.3326762,265.8316091,11.15580459,314.041953,48.21034385
2664,111,71.71361232,0.250267323,3.08227E-07,401.2816739,16.86701917,219.7280939,20.07112125,5907.355347,7.018177619,734.3326762,265.8316091,11.27220343,314.041953,48.21034385
2688,112,71.71361232,0.248858361,3.03554E-07,401.2816739,16.86701917,218.4910199,19.95813373,5907.358001,6.991827831,734.3326762,265.8316091,11.38519096,314.041953,48.21034385
2712,113,71.71361232,0.247490611,2.99021E-07,401.2816739,16.86701917,217.2901368,19.84844972,5907.359927,6.9657173,734.3326762,265.8316091,11.49487496,314.041953,48.21034385
2736,114,71.71361232,0.246162745,2.94622E-07,401.2816739,16.86701917,216.1242761,19.7419629,5907.361322,6.93984091,734.3326762,265.8316091,11.60136179,314.041953,48.21034385
2760,115,71.71361232,0.244873456,2.90353E-07,401.2816739,16.86701917,214.9922908,19.63856879,5907.362331,6.914193766,734.3326762,265.8316091,11.7047559,314.041953,48.21034385
2784,116,71.71361232,0.243621467,2.86208E-07,401.2816739,16.86701917,213.8930586,19.53816518,5907.363059,6.888771188,734.3326762,265.8316091,11.80515951,314.041953,48.21034385
2808,117,71.71361232,0.242405534,2.82181E-07,401.2816739,16.86701917,212.8254856,19.44065235,5907.363583,6.863568688,734.3326762,265.8316091,11.90267234,314.041953,48.21034385
2832,118,71.71361232,0.241224444,2.7827E-07,401.2816739,16.86701917,211.7885075,19.34593329,5907.36396,6.838581965,734.3326762,265.8316091,11.9973914,314.041953,48.21034385
2856,119,71.71361232,0.240077023,2.74468E-07,401.2816739,16.86701917,210.7810919,19.25391385,5907.36423,6.813806892,734.3326762,265.8316091,12.08941083,314.041953,48.21034385
2880,120,71.71361232,0.238962132,2.70772E-07,401.2816739,16.86701917,209.8022387,19.16450282,5907.364424,6.789239502,734.3326762,265.8316091,12.17882187,314.041953,48.21034385
2904,121,71.71361232,0.23787867,2.67177E-07,401.2816739,16.86701917,208.8509809,19.07761197,5907.364563,6.764875981,734.3326762,265.8316091,12.26571272,314.041953,48.21034385
2928,122,71.71361232,0.236825573,2.6368E-07,401.2816739,16.86701917,207.9263847,18.9931561,5907.364662,6.740712657,734.3326762,265.8316091,12.35016859,314.041953,48.21034385
2952,123,71.71361232,0.235801816,2.60277E-07,401.2816739,16.86701917,207.0275494,18.91105302,5907.364733,6.716745991,734.3326762,265.8316091,12.43227167,314.041953,48.21034385
2976,124,71.71361232,0.234806411,2.56964E-07,401.2816739,16.86701917,206.1536071,18.83122351,5907.364783,6.692972566,734.3326762,265.8316091,12.51210118,314.041953,48.21034385
3000,125,71.71361232,0.233838406,2.53739E-07,401.2816739,16.86701917,205.3037219,18.75359126,5907.364819,6.669389082,734.3326762,265.8316091,12.58973342,314.041953,48.21034385
3024,126,71.71361232,0.232896885,2.50597E-07,401.2816739,16.86701917,204.4770894,18.67808286,5907.364845,6.645992337,734.3326762,265.8316091,12.66524182,314.041953,48.21034385
0,0,5,0.006,0.241610738,1,0,12,0.0003,0,0,0,0,0,0.0003,0.0003
24,1,5,0.00519135,-46.49175898,1,-0.00239862,12,-0.06663824,3.61003E-10,361.0026361,5.5643E-13,5.46734E-10,0,-0.06903686,-0.06903686
48,2,17.056,0.048718679,23166.46507,37.168,1.552334304,48.168,3.536457327,7.49776E-10,388.7732533,0.36168,4.826348584,0,9.915140215,5.088791631
72,3,29.112,0.080387752,55892.00182,73.336,3.062467028,75.36198496,6.157952815,1.34948E-09,599.7012398,7.6459152,4.210866998,0,13.43128684,9.220419843
96,4,41.168,0.112142631,95504.87154,109.504,4.556234281,102.5559699,8.786551135,2.28531E-09,935.8279782,112.4256446,5.746867152,0,19.08965257,13.34278542
120,5,53.224,0.144535002,139237.6177,145.672,6.060269153,129.7499549,11.46791963,3.63588E-09,1350.575567,224.5464446,37.91562047,0,55.44380925,17.52818878
144,6,65.28,0.177570712,189206.0237,181.84,7.600540675,156.9439398,14.20254223,5.40653E-09,1770.645068,336.6672446,105.954746,0,127.7578289,21.80308291
0,0,5,0.004,0.10738255,1,0,8,0.0002,0,0,0,0,0,0.0002,0.0002
24,1,5,0.0034609,-20.66300399,1,-0.00239862,8,-0.044425493,3.08616E-10,308.6156934,3.7095E-13,4.67395E-10,0,-0.046824113,-0.046824114
48,2,17.056,0.032479119,10296.2067,25.112,1.033926304,32.112,2.357638218,6.35552E-10,326.9364702,0.24112,4.142716443,0,7.534280965,3.391564522
72,3,29.112,0.053591835,24840.8897,49.224,2.04077215,50.24132331,4.105301877,1.10771E-09,472.1624254,5.0972768,3.708886838,0,9.854960865,6.146074026
96,4,41.168,0.074761754,42446.60957,73.336,3.036958554,68.37064662,5.857700757,1.8185E-09,710.787155,74.95042971,4.437286838,0,13.33194615,8.894659311
120,5,53.224,0.096356668,61883.38566,97.448,4.040235338,86.49996992,7.645279754,2.83797E-09,1019.47286,149.6976297,21.40053683,0,33.08605192,11.68551509
144,6,65.28,0.118356775,84191.63729,121.56,5.067913626,104.6292932,9.46639973,4.19658E-09,1358.60718,223.0231948,60.91111666,0,75.44543001,14.53431336
168,7,69.09054916,0.125362848,75112.00447,129.1810983,5.397288503,110.3594423,10.04634688,5.63716E-09,1440.583001,245.1243799,73.79268926,0,89.23632465,15.44363538
192,8,70.04128675,0.127133501,58465.84164,131.0825735,5.48040983,111.7891229,10.19291755,7.09708E-09,1459.910845,250.638658,77.47068636,0,93.14401374,15.67332738
216,9,70.2660972,0.127557796,43743.42228,131.5321944,5.500301547,112.1271838,10.22803974,8.56133E-09,1464.257901,251.9425585,78.38849843,0,94.11683972,15.72834129
240,10,70.31625424,0.12765366,32344.42403,131.6325085,5.504790301,112.2026079,10.2359752,1.00265E-08,1465.179668,252.2334694,78.61353881,0,94.35430432,15.74076551
264,11,70.32694762,0.127674319,23834.34033,131.6538952,5.505756707,112.2186882,10.23768533,0.000166628,166617481.1,252.295491,78.66702831,0,94.41047035,15.74344203
288,12,70.32910013,0.127678514,17546.38554,131.6582003,5.505952805,112.221925,10.23803258,0.001397791,1231163268,252.3079756,78.67960696,0,94.42359235,15.74398539
0,0,5,0.006,0.241610738,1,0,12,0.0003,0,0,0,0,0,0.0003,0.0003
24,1,5,0.00519135,-46.49175898,1,-0.00239862,12,-0.06663824,3.61003E-10,361.0026361,5.5643E-13,5.46734E-10,0,-0.06903686,-0.06903686
48,2,17.056,0.048718679,23166.46507,37.168,1.552334304,48.168,3.536457327,7.49776E-10,388.7732533,0.36168,4.826348584,0,9.915140215,5.088791631
72,3,29.112,0.080387752,55892.00182,73.336,3.062467028,75.36198496,6.157952815,1.34948E-09,599.7012398,7.6459152,4.210866998,0,13.43128684,9.220419843
96,4,41.168,0.112142631,95504.87154,109.504,4.556234281,102.5559699,8.786551135,2.28531E-09,935.8279782,112.4256446,5.746867152,0,19.08965257,13.34278542
120,5,53.224,0.144535002,139237.6177,145.672,6.060269153,129.7499549,11.46791963,3.63588E-09,1350.575567,224.5464446,37.91562047,0,55.44380925,17.52818878
144,6,65.28,0.177570712,189206.0237,181.84,7.600540675,156.9439398,14.20254223,5.40653E-09,1770.645068,336.6672446,105.954746,0,127.7578289,21.80308291
168,7,70.00355666,0.190613347,176256.9908,196.01067,8.213177087,167.5985789,15.2821826,7.28912E-09,1882.596843,377.7621875,131.9082458,0,155.4036055,23.49535968
192,8,71.2995223,0.194234692,139703.4036,199.8985669,8.383109268,170.5218097,15.58194947,9.19853E-09,1909.405601,389.0370886,139.4390965,0,163.4041552,23.96505873
216,9,71.59538833,0.195073672,104991.535,200.786165,8.422414372,171.1891767,15.65139838,1.11139E-08,1915.348155,391.611123,141.2772854,0,165.3510981,24.07381275
240,10,71.6605113,0.195260703,77727.14777,200.9815339,8.431166444,171.3360706,15.6668804,1.30305E-08,1916.573895,392.1776929,141.6898663,0,165.7879132,24.09804685
264,11,71.67400344,0.195299865,57295.87164,201.0220103,8.43299742,171.366504,15.67012213,1.49472E-08,1916.785704,392.2950745,141.7802059,0,165.8833254,24.10311955
288,12,71.67660981,0.195307494,42185.17451,201.0298294,8.433353901,171.372383,15.67075366,7.29745E-05,72959537.32,392.3177499,141.7994399,0,165.9035474,24.10410756
312,13,71.67707512,0.195308865,31050.07828,201.0312254,8.433417945,171.3734326,15.67086717,0.000690451,617476117,392.3217981,141.8030036,0,165.9072887,24.10428512
336,14,71.67715164,0.195309092,22852.47231,201.0314549,8.433428531,171.3736052,15.67088594,0.003500984,2810533264,392.3224638,141.8035903,0,165.9079047,24.10431447
360,15,71.67716322,0.195309126,16818.85547,201.0314897,8.433430139,171.3736313,15.67088879,0.012639832,9138848390,392.3225646,141.8036887,0,165.9080076,24.10431893
384,16,71.67716482,0.195309131,12378.21963,201.0314945,8.433430362,171.3736349,15.67088918,0.036435425,23795592500,392.3225785,141.8037021,0,165.9080217,24.10431954
408,17,71.67716503,0.195309132,9110.026615,201.0314951,8.43343039,171.3736354,15.67088923,0.089175887,52740461853,392.3225803,141.8037038,0,165.9080235,24.10431962
432,18,71.67716505,0.195309132,6704.726365,201.0314951,8.433430393,171.3736354,15.67088924,0.19249614,1.0332E+11,392.3225805,141.8037041,0,165.9080237,24.10431963
456,19,71.67716505,0.195309132,4934.492151,201.0314952,8.433430394,171.3736355,15.67088924,0.375977082,1.83481E+11,392.3225805,141.8037041,0,165.9080237,24.10431963
480,20,71.67716505,0.195309132,3631.648989,201.0314952,8.433430394,171.3736355,15.67088924,0.676693393,338508830.9,392.3225805,141.8037041,0,165.9080237,24.10431963
504,21,71.67716505,0.195309132,2672.792655,201.0314952,8.433430394,171.3736355,15.67088924,1.137662386,16265921.04,392.3225805,141.8037041,0,165.9080237,24.10431963
528,22,71.67716505,0.195309132,1967.10106,201.0314952,8.433430394,171.3736355,15.67088924,1.805393355,1253937.117,392.3225805,141.8037041,0,165.9080237,24.10431963
552,23,71.67716505,0.195309132,1447.731672,201.0314952,8.433430394,171.3736355,15.67088924,2.726981872,183623.1412,392.3225805,141.8037041,0,165.9080237,24.10431963
576,24,71.67716505,0.195309132,1065.490247,201.0314952,8.433430394,171.3736355,15.67088924,3.947401879,39767.4751,392.3225805,141.8037041,0,165.9080237,24.10431963
600,25,71.67716505,0.195309132,784.1711893,201.0314952,8.433430394,171.3736355,15.67088924,5.507785869,11162.93188,392.3225805,141.8037041,1E-17,165.9080237,24.10431963
624,26,71.67716505,0.195309132,577.1281865,201.0314952,8.433430394,171.3736355,15.67088924,7.445525042,3779.42298,392.3225805,141.8037041,9E-17,165.9080237,24.10431963
648,27,71.67716505,0.195309132,424.7502946,201.0314952,8.433430394,171.3736355,15.67088924,9.796954136,1479.088011,392.3225805,141.8037041,1.03E-15,165.9080237,24.10431963
672,28,71.67716505,0.195309132,312.604404,201.0314952,8.433430394,171.3736355,15.67088924,12.60320466,651.6975564,392.3225805,141.8037041,9.34E-15,165.9080237,24.10431963
696,29,71.67716505,0.195309132,230.0681475,201.0314952,8.433430394,171.3736355,15.67088924,15.91951328,317.9870049,392.3225805,141.8037041,7.041E-14,165.9080237,24.10431963
720,30,71.67716505,0.195309132,169.3237581,201.0314952,8.433430394,171.3736355,15.67088924,19.82786192,170.0595695,392.3225805,141.8037041,4.5108E-13,165.9080237,24.10431963
744,31,71.67716505,0.195309132,124.6175769,201.0314952,8.433430394,171.3736355,15.67088924,24.4523204,99.01967647,392.3225805,141.8037041,2.50834E-12,165.9080237,24.10431963
768,32,71.67716505,0.195309132,91.71507093,201.0314952,8.433430394,171.3736355,15.67088924,29.97590594,62.4504973,392.3225805,141.8037041,1.23129E-11,165.9080237,24.10431963
792,33,71.67716505,0.195309132,67.49974158,201.0314952,8.433430394,171.3736355,15.67088924,36.65724211,42.43489667,392.3225805,141.8037041,5.4102E-11,165.9080237,24.10431963
816,34,71.67716505,0.195309132,49.67793264,201.0314952,8.433430394,171.3736355,15.67088924,44.84489123,30.86088538,392.3225805,141.8037041,2.15266E-10,165.9080237,24.10431963
840,35,71.67716505,0.195309132,36.56157691,201.0314952,8.433430394,171.3736354,15.67088924,54.98704998,23.82733787,392.3225805,141.8037041,7.83246E-10,165.9080237,24.10431963
864,36,71.67716505,0.195309132,26.90830387,201.0314952,8.433430394,171.3736354,15.67088924,67.63441388,19.35564819,392.3225805,141.8037041,2.62789E-09,165.9080237,24.10431963
888,37,71.67716505,0.195309132,19.80376338,201.0314952,8.433430394,171.3736353,15.67088923,83.43446357,16.39349533,392.3225805,141.8037041,8.18896E-09,165.9080237,24.10431963
912,38,71.67716505,0.195309131,14.57501916,201.0314952,8.433430394,171.3736351,15.67088922,103.1161746,14.35672773,392.3225805,141.8037041,2.38497E-08,165.9080237,24.10431963
936,39,71.67716505,0.195309131,10.72680882,201.0314952,8.433430394,171.3736346,15.67088917,127.4651162,12.90821026,392.3225805,141.8037041,6.5276E-08,165.9080237,24.10431963
960,40,71.67716505,0.195309129,7.89463301,201.0314952,8.433430394,171.3736333,15.67088907,157.2899553,11.84631209,392.3225805,141.8037041,1.6871E-07,165.9080237,24.10431963
984,41,71.67716505,0.194807766,5.729695691,201.0314952,8.433430394,170.935739,15.63020154,193.3823767,11.04642287,391.3647803,141.4992336,0.040687698,165.6035532,24.10431963
1008,42,71.67716505,0.193907661,4.102359015,201.0314952,8.433430394,170.149674,15.55713181,236.4732238,10.42916211,389.7044319,140.9730547,0.113757431,165.0773744,24.10431963
1032,43,71.67716505,0.192708554,2.898626886,201.0314952,8.433430394,169.1026037,15.45976058,287.1881652,9.942522427,387.5768391,140.3007475,0.211128658,164.4050672,24.10431963
1056,44,71.67716505,0.19130368,2.021840225,201.0314952,8.433430394,167.8759847,15.3456488,346.0063276,9.551531665,385.1884752,139.5480863,0.325240444,163.652406,24.10431963
1080,45,71.67716505,0.189776883,1.392571386,201.0314952,8.433430394,166.543042,15.22160138,413.2251126,9.232098303,382.7114056,138.7694658,0.44928786,162.8737854,24.10431963
1104,46,71.67716505,0.188200702,0.947331441,201.0314952,8.433430394,165.1671125,15.09351041,488.9338706,8.967250776,380.2809528,138.007339,0.577378833,162.1116586,24.10431963
1128,47,71.67716505,0.186635282,0.636609074,201.0314952,8.433430394,163.800694,14.96626461,572.9983197,8.744783152,377.9962333,137.2925391,0.704624625,161.3968587,24.10431963
1152,48,71.67716505,0.185128094,0.422645175,201.0314952,8.433430394,162.4852127,14.84372588,665.056405,8.555751663,375.9229867,136.6452935,0.827163362,160.7496131,24.10431963
1176,49,71.67716505,0.183714364,0.277223497,201.0314952,8.433430394,161.2513966,14.72876228,764.525176,8.393493323,374.0980106,136.0767114,0.94212696,160.181031,24.10431963
1200,50,71.67716505,0.18241804,0.179650266,201.0314952,8.433430394,160.120126,14.62332596,870.6175051,8.252969632,372.5345013,135.5905255,1.047563275,159.6948452,24.10431963
1224,51,71.67716505,0.181253147,0.115010594,201.0314952,8.433430394,159.1036213,14.52856274,982.3671021,8.130317191,371.2276708,135.1848938,1.142326496,159.2892134,24.10431963
1248,52,71.67716505,0.18022538,0.072728885,201.0314952,8.433430394,158.2068313,14.44494059,1098.660155,8.022533672,370.1601257,134.854104,1.225948648,158.9584237,24.10431963
1272,53,71.67716505,0.17933377,0.045421741,201.0314952,8.433430394,157.4288941,14.37238534,1218.271914,7.927254865,369.3066431,134.5900739,1.298503898,158.6943935,24.10431963
1296,54,71.67716505,0.178572332,0.028010591,201.0314952,8.433430394,156.7645694,14.31041377,1339.906524,7.842594531,368.638125,134.3835821,1.360475471,158.4879018,24.10431963
1320,55,71.67716505,0.177931569,0.017052377,201.0314952,8.433430394,156.2055588,14.25825658,1462.238388,7.767028362,368.1246481,134.2252106,1.412632658,158.3295303,24.10431963
1344,56,71.67716505,0.177399806,0.010245806,201.0314952,8.433430394,155.7416632,14.21496624,1583.953312,7.699309302,367.7376287,134.106007,1.455923001,158.2103266,24.10431963
1368,57,71.67716505,0.176964286,0.006074283,201.0314952,8.433430394,155.3617449,14.17950674,1703.787691,7.638405341,367.4512008,134.017901,1.491382494,158.1222207,24.10431963
0,0,5,0.006,0.241610738,1,0,12,0.0003,0,0,0,0,0,0.0003,0.0003
24,1,5,0.00519135,-46.49175898,1,-0.00239862,12,-0.06663824,3.61003E-10,361.0026361,5.5643E-13,5.46734E-10,0,-0.06903686,-0.06903686
48,2,17.056,0.048718679,23166.46507,37.168,1.552334304,48.168,3.536457327,7.49776E-10,388.7732533,0.36168,4.826348584,0,9.915140215,5.088791631
72,3,29.112,0.080387752,55892.00182,73.336,3.062467028,75.36198496,6.157952815,1.34948E-09,599.7012398,7.6459152,4.210866998,0,13.43128684,9.220419843
96,4,41.168,0.112142631,95504.87154,109.504,4.556234281,102.5559699,8.786551135,2.28531E-09,935.8279782,112.4256446,5.746867152,0,19.08965257,13.34278542
120,5,53.224,0.144535002,139237.6177,145.672,6.060269153,129.7499549,11.46791963,3.63588E-09,1350.575567,224.5464446,37.91562047,0,55.44380925,17.52818878
144,6,65.28,0.177570712,189206.0237,181.84,7.600540675,156.9439398,14.20254223,5.40653E-09,1770.645068,336.6672446,105.954746,0,127.7578289,21.80308291
168,7,70.00355666,0.190613347,176256.9908,196.01067,8.213177087,167.5985789,15.2821826,7.28912E-09,1882.596843,377.7621875,131.9082458,0,155.4036055,23.49535968
192,8,71.2995223,0.194234692,139703.4036,199.8985669,8.383109268,170.5218097,15.58194947,9.19853E-09,1909.405601,389.0370886,139.4390965,0,163.4041552,23.96505873
216,9,71.59538833,0.195073672,104991.535,200.786165,8.422414372,171.1891767,15.65139838,1.11139E-08,1915.348155,391.611123,141.2772854,0,165.3510981,24.07381275
240,10,71.6605113,0.195260703,77727.14777,200.9815339,8.431166444,171.3360706,15.6668804,1.30305E-08,1916.573895,392.1776929,141.6898663,0,165.7879132,24.09804685
264,11,71.67400344,0.195299865,57295.87164,201.0220103,8.43299742,171.366504,15.67012213,1.49472E-08,1916.785704,392.2950745,141.7802059,0,165.8833254,24.10311955
288,12,71.67660981,0.195307494,42185.17451,201.0298294,8.433353901,171.372383,15.67075366,7.29745E-05,72959537.32,392.3177499,141.7994399,0,165.9035474,24.10410756
312,13,71.67707512,0.195308865,31050.07828,201.0312254,8.433417945,171.3734326,15.67086717,0.000690451,617476117,392.3217981,141.8030036,0,165.9072887,24.10428512
336,14,71.67715164,0.195309092,22852.47231,201.0314549,8.433428531,171.3736052,15.67088594,0.003500984,2810533264,392.3224638,141.8035903,0,165.9079047,24.10431447
360,15,71.67716322,0.195309126,16818.85547,201.0314897,8.433430139,171.3736313,15.67088879,0.012639832,9138848390,392.3225646,141.8036887,0,165.9080076,24.10431893
384,16,71.67716482,0.195309131,12378.21963,201.0314945,8.433430362,171.3736349,15.67088918,0.036435425,23795592500,392.3225785,141.8037021,0,165.9080217,24.10431954
408,17,71.67716503,0.195309132,9110.026615,201.0314951,8.43343039,171.3736354,15.67088923,0.089175887,52740461853,392.3225803,141.8037038,0,165.9080235,24.10431962
432,18,71.67716505,0.195309132,6704.726365,201.0314951,8.433430393,171.3736354,15.67088924,0.19249614,1.0332E+11,392.3225805,141.8037041,0,165.9080237,24.10431963
456,19,71.67716505,0.195309132,4934.492151,201.0314952,8.433430394,171.3736355,15.67088924,0.375977082,1.83481E+11,392.3225805,141.8037041,0,165.9080237,24.10431963
480,20,71.67716505,0.195309132,3631.648989,201.0314952,8.433430394,171.3736355,15.67088924,0.676693393,338508830.9,392.3225805,141.8037041,0,165.9080237,24.10431963
504,21,71.67716505,0.195309132,2672.792655,201.0314952,8.433430394,171.3736355,15.67088924,1.137662386,16265921.04,392.3225805,141.8037041,0,165.9080237,24.10431963
528,22,71.67716505,0.195309132,1967.10106,201.0314952,8.433430394,171.3736355,15.67088924,1.805393355,1253937.117,392.3225805,141.8037041,0,165.9080237,24.10431963
552,23,71.67716505,0.195309132,1447.731672,201.0314952,8.433430394,171.3736355,15.67088924,2.726981872,183623.1412,392.3225805,141.8037041,0,165.9080237,24.10431963
576,24,71.67716505,0.195309132,1065.490247,201.0314952,8.433430394,171.3736355,15.67088924,3.947401879,39767.4751,392.3225805,141.8037041,0,165.9080237,24.10431963
600,25,71.67716505,0.195309132,784.1711893,201.0314952,8.433430394,171.3736355,15.67088924,5.507785869,11162.93188,392.3225805,141.8037041,1E-17,165.9080237,24.10431963
624,26,71.67716505,0.195309132,577.1281865,201.0314952,8.433430394,171.3736355,15.67088924,7.445525042,3779.42298,392.3225805,141.8037041,9E-17,165.9080237,24.10431963
648,27,71.67716505,0.195309132,424.7502946,201.0314952,8.433430394,171.3736355,15.67088924,9.796954136,1479.088011,392.3225805,141.8037041,1.03E-15,165.9080237,24.10431963
672,28,71.67716505,0.195309132,312.604404,201.0314952,8.433430394,171.3736355,15.67088924,12.60320466,651.6975564,392.3225805,141.8037041,9.34E-15,165.9080237,24.10431963
696,29,71.67716505,0.195309132,230.0681475,201.0314952,8.433430394,171.3736355,15.67088924,15.91951328,317.9870049,392.3225805,141.8037041,7.041E-14,165.9080237,24.10431963
720,30,71.67716505,0.195309132,169.3237581,201.0314952,8.433430394,171.3736355,15.67088924,19.82786192,170.0595695,392.3225805,141.8037041,4.5108E-13,165.9080237,24.10431963
744,31,71.67716505,0.195309132,124.6175769,201.0314952,8.433430394,171.3736355,15.67088924,24.4523204,99.01967647,392.3225805,141.8037041,2.50834E-12,165.9080237,24.10431963
768,32,71.67716505,0.195309132,91.71507093,201.0314952,8.433430394,171.3736355,15.67088924,29.97590594,62.4504973,392.3225805,141.8037041,1.23129E-11,165.9080237,24.10431963
792,33,71.67716505,0.195309132,67.49974158,201.0314952,8.433430394,171.3736355,15.67088924,36.65724211,42.43489667,392.3225805,141.8037041,5.4102E-11,165.9080237,24.10431963
816,34,71.67716505,0.195309132,49.67793264,201.0314952,8.433430394,171.3736355,15.67088924,44.84489123,30.86088538,392.3225805,141.8037041,2.15266E-10,165.9080237,24.10431963
840,35,71.67716505,0.195309132,36.56157691,201.0314952,8.433430394,171.3736354,15.67088924,54.98704998,23.82733787,392.3225805,141.8037041,7.83246E-10,165.9080237,24.10431963
864,36,71.67716505,0.195309132,26.90830387,201.0314952,8.433430394,171.3736354,15.67088924,67.63441388,19.35564819,392.3225805,141.8037041,2.62789E-09,165.9080237,24.10431963
888,37,71.67716505,0.195309132,19.80376338,201.0314952,8.433430394,171.3736353,15.67088923,83.43446357,16.39349533,392.3225805,141.8037041,8.18896E-09,165.9080237,24.10431963
912,38,71.67716505,0.195309131,14.57501916,201.0314952,8.433430394,171.3736351,15.67088922,103.1161746,14.35672773,392.3225805,141.8037041,2.38497E-08,165.9080237,24.10431963
936,39,71.67716505,0.195309131,10.72680882,201.0314952,8.433430394,171.3736346,15.67088917,127.4651162,12.90821026,392.3225805,141.8037041,6.5276E-08,165.9080237,24.10431963
960,40,71.67716505,0.195309129,7.89463301,201.0314952,8.433430394,171.3736333,15.67088907,157.2899553,11.84631209,392.3225805,141.8037041,1.6871E-07,165.9080237,24.10431963
984,41,71.67716505,0.194807766,5.729695691,201.0314952,8.433430394,170.935739,15.63020154,193.3823767,11.04642287,391.3647803,141.4992336,0.040687698,165.6035532,24.10431963
1008,42,71.67716505,0.193907661,4.102359015,201.0314952,8.433430394,170.149674,15.55713181,236.4732238,10.42916211,389.7044319,140.9730547,0.113757431,165.0773744,24.10431963
1032,43,71.67716505,0.192708554,2.898626886,201.0314952,8.433430394,169.1026037,15.45976058,287.1881652,9.942522427,387.5768391,140.3007475,0.211128658,164.4050672,24.10431963
1056,44,71.67716505,0.19130368,2.021840225,201.0314952,8.433430394,167.8759847,15.3456488,346.0063276,9.551531665,385.1884752,139.5480863,0.325240444,163.652406,24.10431963
1080,45,71.67716505,0.189776883,1.392571386,201.0314952,8.433430394,166.543042,15.22160138,413.2251126,9.232098303,382.7114056,138.7694658,0.44928786,162.8737854,24.10431963
1104,46,71.67716505,0.188200702,0.947331441,201.0314952,8.433430394,165.1671125,15.09351041,488.9338706,8.967250776,380.2809528,138.007339,0.577378833,162.1116586,24.10431963
1128,47,71.67716505,0.186635282,0.636609074,201.0314952,8.433430394,163.800694,14.96626461,572.9983197,8.744783152,377.9962333,137.2925391,0.704624625,161.3968587,24.10431963
1152,48,71.67716505,0.185128094,0.422645175,201.0314952,8.433430394,162.4852127,14.84372588,665.056405,8.555751663,375.9229867,136.6452935,0.827163362,160.7496131,24.10431963
1176,49,71.67716505,0.183714364,0.277223497,201.0314952,8.433430394,161.2513966,14.72876228,764.525176,8.393493323,374.0980106,136.0767114,0.94212696,160.181031,24.10431963
1200,50,71.67716505,0.18241804,0.179650266,201.0314952,8.433430394,160.120126,14.62332596,870.6175051,8.252969632,372.5345013,135.5905255,1.047563275,159.6948452,24.10431963
1224,51,71.67716505,0.181253147,0.115010594,201.0314952,8.433430394,159.1036213,14.52856274,982.3671021,8.130317191,371.2276708,135.1848938,1.142326496,159.2892134,24.10431963
1248,52,71.67716505,0.18022538,0.072728885,201.0314952,8.433430394,158.2068313,14.44494059,1098.660155,8.022533672,370.1601257,134.854104,1.225948648,158.9584237,24.10431963
1272,53,71.67716505,0.17933377,0.045421741,201.0314952,8.433430394,157.4288941,14.37238534,1218.271914,7.927254865,369.3066431,134.5900739,1.298503898,158.6943935,24.10431963
1296,54,71.67716505,0.178572332,0.028010591,201.0314952,8.433430394,156.7645694,14.31041377,1339.906524,7.842594531,368.638125,134.3835821,1.360475471,158.4879018,24.10431963
1320,55,71.67716505,0.177931569,0.017052377,201.0314952,8.433430394,156.2055588,14.25825658,1462.238388,7.767028362,368.1246481,134.2252106,1.412632658,158.3295303,24.10431963
1344,56,71.67716505,0.177399806,0.010245806,201.0314952,8.433430394,155.7416632,14.21496624,1583.953312,7.699309302,367.7376287,134.106007,1.455923001,158.2103266,24.10431963
1368,57,71.67716505,0.176964286,0.006074283,201.0314952,8.433430394,155.3617449,14.17950674,1703.787691,7.638405341,367.4512008,134.017901,1.491382494,158.1222207,24.10431963
0,0,5,0.004,0.10738255,1,0,8,0.0002,0,0,0,0,0,0.0002,0.0002
24,1,5,0.0034609,-20.66300399,1,-0.00239862,8,-0.044425493,3.08616E-10,308.6156934,3.7095E-13,4.67395E-10,0,-0.046824113,-0.046824114
48,2,17.056,0.032479119,10296.2067,25.112,1.033926304,32.112,2.357638218,6.35552E-10,326.9364702,0.24112,4.142716443,0,7.534280965,3.391564522
72,3,29.112,0.053591835,24840.8897,49.224,2.04077215,50.24132331,4.105301877,1.10771E-09,472.1624254,5.0972768,3.708886838,0,9.854960865,6.146074026
96,4,41.168,0.074761754,42446.60957,73.336,3.036958554,68.37064662,5.857700757,1.8185E-09,710.787155,74.95042971,4.437286838,0,13.33194615,8.894659311
120,5,53.224,0.096356668,61883.38566,97.448,4.040235338,86.49996992,7.645279754,2.83797E-09,1019.47286,149.6976297,21.40053683,0,33.08605192,11.68551509
144,6,65.28,0.118356775,84191.63729,121.56,5.067913626,104.6292932,9.46639973,4.19658E-09,1358.60718,223.0231948,60.91111666,0,75.44543001,14.53431336
168,7,69.09054916,0.125362848,75112.00447,129.1810983,5.397288503,110.3594423,10.04634688,5.63716E-09,1440.583001,245.1243799,73.79268926,0,89.23632465,15.44363538
192,8,70.04128675,0.127133501,58465.84164,131.0825735,5.48040983,111.7891229,10.19291755,7.09708E-09,1459.910845,250.638658,77.47068636,0,93.14401374,15.67332738
216,9,70.2660972,0.127557796,43743.42228,131.5321944,5.500301547,112.1271838,10.22803974,8.56133E-09,1464.257901,251.9425585,78.38849843,0,94.11683972,15.72834129
240,10,70.31625424,0.12765366,32344.42403,131.6325085,5.504790301,112.2026079,10.2359752,1.00265E-08,1465.179668,252.2334694,78.61353881,0,94.35430432,15.74076551
264,11,70.32694762,0.127674319,23834.34033,131.6538952,5.505756707,112.2186882,10.23768533,0.000166628,166617481.1,252.295491,78.66702831,0,94.41047035,15.74344203
288,12,70.32910013,0.127678514,17546.38554,131.6582003,5.505952805,112.221925,10.23803258,0.001397791,1231163268,252.3079756,78.67960696,0,94.42359235,15.74398539
312,13,70.32950452,0.127679308,12913.93881,131.659009,5.505989889,112.2225331,10.23809829,0.006410552,5012761364,252.310321,78.68209807,0,94.42618624,15.74408818
336,14,70.32957512,0.127679448,9503.878751,131.6591502,5.505996399,112.2226393,10.23810982,0.021263281,14852728788,252.3107305,78.68255282,0,94.42665905,15.74410622
360,15,70.32958654,0.12767947,6994.169863,131.6591731,5.505997456,112.2226565,10.2381117,0.057012851,35749569976,252.3107967,78.68263731,0,94.42674647,15.74410915
384,16,70.32958823,0.127679474,5147.186925,131.6591765,5.505997612,112.222659,10.23811197,0.131090692,74077841293,252.3108065,78.68264927,0,94.42675886,15.74410959
408,17,70.32958846,0.127679474,3787.942659,131.6591769,5.505997634,112.2226593,10.23811201,0.267996595,1.36906E+11,252.3108079,78.68265103,0,94.42676067,15.74410965
432,18,70.32958849,0.127679474,2787.640683,131.659177,5.505997636,112.2226594,10.23811202,0.499039586,2.31043E+11,252.310808,78.68265126,0,94.42676091,15.74410965
456,19,70.32958849,0.127679474,2051.493674,131.659177,5.505997637,112.2226594,10.23811202,0.861050296,3.62011E+11,252.3108081,78.68265128,0,94.42676093,15.74410965
480,20,70.32958849,0.127679474,1509.744891,131.659177,5.505997637,112.2226594,10.23811202,1.39418919,897490687,252.3108081,78.68265128,0,94.42676094,15.74410965
504,21,70.32958849,0.127679474,1111.058573,131.659177,5.505997637,112.2226594,10.23811202,2.139139452,39327893.22,252.3108081,78.68265128,0,94.42676094,15.74410965
528,22,70.32958849,0.127679474,817.6554601,131.659177,5.505997637,112.2226594,10.23811202,3.13409006,2795107.092,252.3108081,78.68265128,0,94.42676094,15.74410965
552,23,70.32958849,0.127679474,601.7328587,131.659177,5.505997637,112.2226594,10.23811202,4.411988419,380890.631,252.3108081,78.68265128,0,94.42676094,15.74410965
576,24,70.32958849,0.127679474,442.8300805,131.659177,5.505997637,112.2226594,10.23811202,5.998574956,77352.00369,252.3108081,78.68265128,0,94.42676094,15.74410965
600,25,70.32958849,0.127679474,325.8895993,131.659177,5.505997637,112.2226594,10.23811202,7.911698207,20486.55325,252.3108081,78.68265128,0,94.42676094,15.74410965
624,26,70.32958849,0.127679474,239.8302094,131.659177,5.505997637,112.2226594,10.23811202,10.16233967,6575.384956,252.3108081,78.68265128,0,94.42676094,15.74410965
648,27,70.32958849,0.127679474,176.4969777,131.659177,5.505997637,112.2226594,10.23811202,12.75764903,2447.614003,252.3108081,78.68265128,0,94.42676094,15.74410965
672,28,70.32958849,0.127679474,129.8884874,131.659177,5.505997637,112.2226594,10.23811202,15.7061065,1027.768676,252.3108081,78.68265128,0,94.42676094,15.74410965
696,29,70.32958849,0.127679474,95.58814769,131.659177,5.505997637,112.2226594,10.23811202,19.02469977,478.2349407,252.3108081,78.68265128,0,94.42676094,15.74410965
720,30,70.32958849,0.127679474,70.34568006,131.659177,5.505997637,112.2226594,10.23811202,22.74774457,243.8014427,252.3108081,78.68265128,0,94.42676094,15.74410965
744,31,70.32958849,0.127679474,51.76912435,131.659177,5.505997637,112.2226594,10.23811202,26.9367101,135.1841534,252.3108081,78.68265128,0,94.42676094,15.74410965
768,32,70.32958849,0.127679474,38.09817795,131.659177,5.505997637,112.2226594,10.23811202,31.69016294,81.12027697,252.3108081,78.68265128,0,94.42676094,15.74410965
792,33,70.32958849,0.127679474,28.03739067,131.659177,5.505997637,112.2226594,10.23811202,37.15275004,52.44693983,252.3108081,78.68265129,0,94.42676094,15.74410965
816,34,70.32958849,0.127679474,20.63340869,131.659177,5.505997637,112.2226594,10.23811202,43.52204164,36.34636576,252.3108081,78.68265129,0,94.42676094,15.74410965
840,35,70.32958849,0.127679474,15.18463538,131.659177,5.505997637,112.2226594,10.23811202,51.05208325,26.82369535,252.3108081,78.68265129,0,94.42676094,15.74410965
864,36,70.32958849,0.127679474,11.17474846,131.659177,5.505997637,112.2226594,10.23811202,60.05268112,20.91717754,252.3108081,78.68265129,0,94.42676094,15.74410965
888,37,70.32958849,0.127679474,8.223773584,131.659177,5.505997637,112.2226594,10.23811202,70.8837664,17.09017213,252.3108081,78.68265129,0,94.42676094,15.74410965
912,38,70.32958849,0.127679474,6.05207825,131.659177,5.505997637,112.2226594,10.23811202,83.94462331,14.50942486,252.3108081,78.68265129,0,94.42676094,15.74410965
936,39,70.32958849,0.127679474,4.453873988,131.659177,5.505997637,112.2226594,10.23811202,99.65827509,12.70454861,252.3108081,78.68265129,0,94.42676094,15.74410965
960,40,70.32958849,0.127679474,3.277715977,131.659177,5.505997637,112.2226594,10.23811202,118.4518364,11.40001071,252.3108081,78.68265129,0,94.42676094,15.74410965
984,41,70.32958849,0.127353945,2.378757592,131.659177,5.505997637,111.9380385,10.21170785,140.7340927,10.42881456,251.701265,78.52471818,0.026404164,94.26882783,15.74410965
1008,42,70.32958849,0.126769713,1.703091708,131.659177,5.505997637,111.4272955,10.164305,166.8718975,9.686489884,250.6452983,78.25223234,0.073807021,93.99634199,15.74410965
1032,43,70.32958849,0.125991662,1.203338906,131.659177,5.505997637,110.7471996,10.10115737,197.1671478,9.105727087,249.2930185,77.90461368,0.13695465,93.64872333,15.74410965
1056,44,70.32958849,0.125080372,0.839340456,131.659177,5.505997637,109.9507355,10.02717523,231.8360814,8.64195099,247.7759291,77.5160173,0.210936786,93.26012696,15.74410965
1080,45,70.32958849,0.124090294,0.578106379,131.659177,5.505997637,109.0855095,9.946775691,270.9924572,8.264876226,246.2034419,77.11457293,0.291336326,92.85868259,15.74410965
1104,46,70.32958849,0.123068491,0.393272271,131.659177,5.505997637,108.1926553,9.863779516,314.6358401,7.9534295,244.6614573,76.72214418,0.374332501,92.46625383,15.74410965
1128,47,70.32958849,0.122053952,0.264281182,131.659177,5.505997637,107.3062365,9.781354152,362.6457839,7.692618746,243.2127678,76.3545373,0.456757866,92.09864696,15.74410965
1152,48,70.32958849,0.12107742,0.175457228,131.659177,5.505997637,106.4531062,9.70199941,414.7820723,7.47156158,241.898909,76.02205912,0.536112607,91.76616878,15.74410965
1176,49,70.32958849,0.120161682,0.115086999,131.659177,5.505997637,105.6531597,9.627569768,470.6906145,7.282215334,240.7430206,75.73030999,0.61054225,91.47441964,15.74410965
1200,50,70.32958849,0.119322208,0.07458013,131.659177,5.505997637,104.919894,9.559325541,529.9142322,7.118538592,239.7532697,75.48109933,0.678786477,91.22520898,15.74410965
1224,51,70.32958849,0.118568031,0.0477452,131.659177,5.505997637,104.2611864,9.498004494,591.9074224,6.975924086,238.9264382,75.27338419,0.740107524,91.01749384,15.74410965
1248,52,70.32958849,0.117902789,0.030192045,131.659177,5.505997637,103.6801988,9.443905524,656.0541628,6.850806923,238.2513477,75.10415213,0.794206494,90.84826178,15.74410965
1272,53,70.32958849,0.11732581,0.018855584,131.659177,5.505997637,103.1763299,9.396976859,721.6878537,6.74038932,237.7118941,74.96919381,0.841135159,90.71330347,15.74410965
1296,54,70.32958849,0.116833175,0.011627488,131.659177,5.505997637,102.746146,9.356902436,788.1125222,6.642444674,237.2895545,74.86373467,0.881209582,90.60784433,15.74410965
1320,55,70.32958849,0.116418703,0.007078363,131.659177,5.505997637,102.3842377,9.323181632,854.6244236,6.555176738,236.965316,74.78291581,0.914930385,90.52702547,15.74410965
1344,56,70.32958849,0.116074805,0.004252804,131.659177,5.505997637,102.0839708,9.295199081,920.5331777,6.477117575,236.7210423,74.72213074,0.942912936,90.46624039,15.74410965
1368,57,70.32958849,0.115793204,0.002521175,131.659177,5.505997637,101.8381099,9.272282769,985.1815983,6.407053047,236.5403392,74.67723537,0.965829248,90.42134503,15.74410965
1392,58,70.32958849,0.115565492,0.001474357,131.659177,5.505997637,101.6393091,9.253749871,1047.963424,6.343967965,236.4090096,74.64465502,0.984362146,90.38876467,15.74410965
1416,59,70.32958849,0.115383554,0.000850279,131.659177,5.505997637,101.480477,9.238940775,1108.338261,6.287005308,236.3151943,74.62141355,0.999171243,90.3655232,15.74410965
1440,60,70.32958849,0.115239846,0.000483468,131.659177,5.505997637,101.3550261,9.227242431,1165.843211,6.235435562,236.2492942,74.60510895,1.010869587,90.34921861,15.74410965
1464,61,70.32958849,0.115127579,0.000270968,131.659177,5.505997637,101.257025,9.218102605,1220.100829,6.18863336,236.2037565,74.593856,1.020009412,90.33796566,15.74410965
1488,62,70.32958849,0.115040794,0.000149665,131.659177,5.505997637,101.1812712,9.211036783,1270.823304,6.146059426,236.1727898,74.58621245,1.027075235,90.3303221,15.74410965
1512,63,70.32958849,0.114974385,8.14526E-05,131.659177,5.505997637,101.123305,9.205629472,1317.812948,6.107246391,236.152059,74.58110088,1.032482546,90.32521053,15.74410965
1536,64,70.32958849,0.11492406,4.36766E-05,131.659177,5.505997637,101.0793795,9.201531515,1360.959302,6.071787494,236.1383916,74.57773422,1.036580503,90.32184388,15.74410965
1560,65,70.32958849,0.114886279,2.3079E-05,131.659177,5.505997637,101.0464038,9.198454806,1400.233312,6.039327445,236.1295145,74.57554958,1.039657211,90.31965923,15.74410965
1584,66,70.32958849,0.114858169,1.20243E-05,131.659177,5.505997637,101.0218697,9.196165535,1435.679181,6.009554928,236.1238323,74.57415238,1.041946483,90.31826203,15.74410965
1608,67,70.32958849,0.114837435,6.18562E-06,131.659177,5.505997637,101.0037734,9.194476832,1467.404523,5.982196395,236.1202465,74.57327134,1.043635185,90.317381,15.74410965
1632,68,70.32958849,0.114822267,3.15168E-06,131.659177,5.505997637,100.9905358,9.193241452,1495.5695,5.957010867,236.1180148,74.57272339,1.044870566,90.31683305,15.74410965
1656,69,70.32958849,0.11481126,1.60087E-06,131.659177,5.505997637,100.9809294,9.192344886,1520.37557,5.933785545,236.1166443,74.57238712,1.045767132,90.31649678,15.74410965
1680,70,70.32958849,0.114803332,8.21139E-07,131.659177,5.505997637,100.9740113,9.191699181,1542.054398,5.912332092,236.1158136,74.57218343,1.046412837,90.31629308,15.74410965
1704,71,70.32958849,0.114797665,4.35461E-07,131.659177,5.505997637,100.9690657,9.191237557,1560.857402,5.892483447,236.1153165,74.57206158,1.046874461,90.31617123,15.74410965
1728,72,70.32958849,0.114793643,2.4767E-07,131.659177,5.505997637,100.9655552,9.190909862,1577.046293,5.874091108,236.1150225,74.57198956,1.047202156,90.31609922,15.74410965
1752,73,70.32958849,0.114790807,1.57511E-07,131.659177,5.505997637,100.9630801,9.190678814,1590.884828,5.857022786,236.1148507,74.5719475,1.047433204,90.31605715,15.74410965
1776,74,70.32958849,0.11478882,1.14669E-07,131.659177,5.505997637,100.9613464,9.190516968,1602.63194,5.841160394,236.1147515,74.57192321,1.047595049,90.31603286,15.74410965
1800,75,70.32958849,0.114787437,9.43487E-08,131.659177,5.505997637,100.9601396,9.190404307,1612.536256,5.8263983,236.1146948,74.57190933,1.04770771,90.31601898,15.74410965
1824,76,70.32958849,0.11478648,8.45601E-08,131.659177,5.505997637,100.9593046,9.190326355,1620.831977,5.812641824,236.1146627,74.57190148,1.047785662,90.31601113,15.74410965
1848,77,70.32958849,0.114785822,7.96124E-08,131.659177,5.505997637,100.9587302,9.190272731,1627.736016,5.799805928,236.1146447,74.57189708,1.047839287,90.31600674,15.74410965
1872,78,70.32958849,0.114785372,7.68565E-08,131.659177,5.505997637,100.9583373,9.190236047,1633.446252,5.787814088,236.1146348,74.57189465,1.047875971,90.3160043,15.74410965
1896,79,70.32958849,0.114785065,7.50833E-08,131.659177,5.505997637,100.95807,9.190211086,1638.140734,5.776597307,236.1146293,74.57189331,1.047900931,90.31600296,15.74410965
1920,80,70.32958849,0.114784858,7.37514E-08,131.659177,5.505997637,100.957889,9.190194191,1641.977666,5.766093256,236.1146263,74.57189258,1.047917827,90.31600223,15.74410965
1944,81,70.32958849,0.114784718,7.26229E-08,131.659177,5.505997637,100.9577671,9.190182812,1645.095995,5.756245531,236.1146247,74.57189218,1.047929206,90.31600184,15.74410965
1968,82,70.32958849,0.114784625,7.15951E-08,131.659177,5.505997637,100.9576854,9.190175185,1647.616445,5.747002992,236.1146238,74.57189197,1.047936832,90.31600163,15.74410965
1992,83,70.32958849,0.114784562,7.06241E-08,131.659177,5.505997637,100.9576309,9.190170097,1649.642859,5.738319203,236.1146234,74.57189186,1.04794192,90.31600151,15.74410965
2016,84,70.32958849,0.114784521,6.96912E-08,131.659177,5.505997637,100.9575948,9.190166719,1651.26372,5.730151921,236.1146231,74.5718918,1.047945299,90.31600145,15.74410965
2040,85,70.32958849,0.114784493,6.87883E-08,131.659177,5.505997637,100.9575708,9.190164485,1652.55376,5.722462661,236.114623,74.57189177,1.047947533,90.31600142,15.74410965
2064,86,70.32958849,0.114784475,6.79114E-08,131.659177,5.505997637,100.9575551,9.190163015,1653.57557,5.715216312,236.1146229,74.57189175,1.047949003,90.31600141,15.74410965
2088,87,70.32958849,0.114784463,6.70586E-08,131.659177,5.505997637,100.9575448,9.190162051,1654.381163,5.708380789,236.1146229,74.57189174,1.047949967,90.3160014,15.74410965
2112,88,70.32958849,0.114784456,6.62285E-08,131.659177,5.505997637,100.957538,9.190161422,1655.013437,5.701926735,236.1146229,74.57189174,1.047950596,90.3160014,15.74410965
2136,89,70.32958849,0.114784451,6.542E-08,131.659177,5.505997637,100.9575337,9.190161013,1655.507525,5.695827257,236.1146229,74.57189174,1.047951005,90.31600139,15.74410965
2160,90,70.32958849,0.114784447,6.46322E-08,131.659177,5.505997637,100.9575308,9.190160748,1655.892005,5.690057683,236.1146229,74.57189174,1.04795127,90.31600139,15.74410965
2184,91,70.32958849,0.114784445,6.38644E-08,131.659177,5.505997637,100.957529,9.190160577,1656.189978,5.684595356,236.1146229,74.57189174,1.047951441,90.31600139,15.74410965
2208,92,70.32958849,0.114784444,6.31158E-08,131.659177,5.505997637,100.9575278,9.190160467,1656.42,5.679419444,236.1146229,74.57189174,1.04795155,90.31600139,15.74410965
2232,93,70.32958849,0.114784443,6.23856E-08,131.659177,5.505997637,100.9575271,9.190160397,1656.596893,5.674510771,236.1146229,74.57189174,1.047951621,90.31600139,15.74410965
2256,94,70.32958849,0.114784443,6.16731E-08,131.659177,5.505997637,100.9575266,9.190160352,1656.732428,5.669851669,236.1146229,74.57189174,1.047951665,90.31600139,15.74410965
2280,95,70.32958849,0.114784442,6.09777E-08,131.659177,5.505997637,100.9575263,9.190160324,1656.835907,5.665425845,236.1146229,74.57189174,1.047951694,90.31600139,15.74410965
2304,96,70.32958849,0.114784442,6.02988E-08,131.659177,5.505997637,100.9575261,9.190160306,1656.914639,5.661218253,236.1146229,74.57189174,1.047951712,90.31600139,15.74410965
2328,97,70.32958849,0.114784442,5.96358E-08,131.659177,5.505997637,100.957526,9.190160295,1656.974345,5.657214993,236.1146229,74.57189174,1.047951723,90.31600139,15.74410965
2352,98,70.32958849,0.114784442,5.89881E-08,131.659177,5.505997637,100.9575259,9.190160287,1657.019476,5.653403206,236.1146229,74.57189174,1.04795173,90.31600139,15.74410965
2376,99,70.3295885,0.114784442,5.83553E-08,131.659177,5.505997637,100.9575258,9.190160283,1657.053484,5.649770992,236.1146229,74.57189174,1.047951735,90.31600139,15.74410965
2400,100,70.3295885,0.114784442,5.77367E-08,131.659177,5.505997637,100.9575258,9.19016028,1657.079034,5.646307322,236.1146229,74.57189174,1.047951737,90.31600139,15.74410965
2424,101,70.3295885,0.114784442,5.71319E-08,131.659177,5.505997637,100.9575258,9.190160278,1657.098103,5.622179086,236.1146229,74.57189174,1.047951739,90.31600139,15.74410965
2448,102,70.3295885,0.114784442,5.65404E-08,131.659177,5.505997637,100.9575258,9.190160277,1657.112295,5.598375999,236.1146229,74.57189174,1.04795174,90.31600139,15.74410965
2472,103,70.3295885,0.114784442,5.59618E-08,131.659177,5.505997637,100.9575258,9.190160277,1657.122828,5.574885773,236.1146229,74.57189174,1.047951741,90.31600139,15.74410965
2496,104,70.3295885,0.114784442,5.53957E-08,131.659177,5.505997637,100.9575258,9.190160276,1657.130626,5.55169691,236.1146229,74.57189174,1.047951741,90.31600139,15.74410965
2520,105,70.3295885,0.114784442,5.48417E-08,131.659177,5.505997637,100.9575258,9.190160276,1657.136384,5.528798641,236.1146229,74.57189174,1.047951742,90.31600139,15.74410965
2544,106,70.3295885,0.114784442,5.42993E-08,131.659177,5.505997637,100.9575258,9.190160276,1657.140625,5.506180869,236.1146229,74.57189174,1.047951742,90.31600139,15.74410965
2568,107,70.3295885,0.114784442,5.37683E-08,131.659177,5.505997637,100.9575258,9.190160276,1657.143741,5.483834115,236.1146229,74.57189174,1.047951742,90.31600139,15.74410965
2592,108,70.3295885,0.114784442,5.32482E-08,131.659177,5.505997637,100.9575258,9.190160276,1657.146026,5.461749472,236.1146229,74.57189174,1.047951742,90.31600139,15.74410965
2616,109,70.3295885,0.114784442,5.27387E-08,131.659177,5.505997637,100.9575258,9.190160276,1657.147697,5.439918559,236.1146229,74.57189174,1.047951742,90.31600139,15.74410965
2640,110,70.3295885,0.114784442,5.22395E-08,131.659177,5.505997637,100.9575258,9.190160276,1657.148917,5.418333483,236.1146229,74.57189174,1.047951742,90.31600139,15.74410965
2664,111,70.3295885,0.114784442,5.17503E-08,131.659177,5.505997637,100.9575258,9.190160276,1657.149805,5.396986805,236.1146229,74.57189174,1.047951742,90.31600139,15.74410965
2688,112,70.3295885,0.114784442,5.12707E-08,131.659177,5.505997637,100.9575258,9.190160276,1657.150451,5.375871498,236.1146229,74.57189174,1.047951742,90.31600139,15.74410965
2712,113,70.3295885,0.114784442,5.08006E-08,131.659177,5.505997637,100.9575258,9.190160276,1657.15092,5.354980928,236.1146229,74.57189174,1.047951742,90.31600139,15.74410965
2736,114,70.3295885,0.114784442,5.03395E-08,131.659177,5.505997637,100.9575258,9.190160276,1657.151259,5.334308816,236.1146229,74.57189174,1.047951742,90.31600139,15.74410965
2760,115,70.3295885,0.114784442,4.98874E-08,131.659177,5.505997637,100.9575258,9.190160276,1657.151504,5.313849219,236.1146229,74.57189174,1.047951742,90.31600139,15.74410965
2784,116,70.3295885,0.114784442,4.94437E-08,131.659177,5.505997637,100.9575258,9.190160276,1657.151681,5.293596503,236.1146229,74.57189174,1.047951742,90.31600139,15.74410965
2808,117,70.3295885,0.114784442,4.90085E-08,131.659177,5.505997637,100.9575258,9.190160276,1657.151808,5.273545319,236.1146229,74.57189174,1.047951742,90.31600139,15.74410965
2832,118,70.3295885,0.114784442,4.85813E-08,131.659177,5.505997637,100.9575258,9.190160276,1657.1519,5.253690591,236.1146229,74.57189174,1.047951742,90.31600139,15.74410965
2856,119,70.3295885,0.114784442,4.81621E-08,131.659177,5.505997637,100.9575258,9.190160276,1657.151966,5.234027485,236.1146229,74.57189174,1.047951742,90.31600139,15.74410965
2880,120,70.3295885,0.114784442,4.77505E-08,131.659177,5.505997637,100.9575258,9.190160276,1657.152013,5.214551403,236.1146229,74.57189174,1.047951742,90.31600139,15.74410965
2904,121,70.3295885,0.114784442,4.73463E-08,131.659177,5.505997637,100.9575258,9.190160276,1657.152046,5.195257959,236.1146229,74.57189174,1.047951742,90.31600139,15.74410965
2928,122,70.3295885,0.114784442,4.69494E-08,131.659177,5.505997637,100.9575258,9.190160276,1657.15207,5.176142963,236.1146229,74.57189174,1.047951742,90.31600139,15.74410965
2952,123,70.3295885,0.114784442,4.65596E-08,131.659177,5.505997637,100.9575258,9.190160276,1657.152088,5.157202408,236.1146229,74.57189174,1.047951742,90.31600139,15.74410965
2976,124,70.3295885,0.114784442,4.61766E-08,131.659177,5.505997637,100.9575258,9.190160276,1657.1521,5.138432455,236.1146229,74.57189174,1.047951742,90.31600139,15.74410965
0,0,5,0.002,0.026845638,1,0,4,0.0001,0,0,0,0,0,0.0001,0.0001
24,1,5,0.00173045,-5.165750998,1,-0.00239862,4,-0.022212747,2.56007E-10,256.0068866,1.8548E-13,3.87719E-10,0,-0.024611367,-0.024611367
48,2,17.056,0.01623956,2574.051674,13.056,0.515518304,16.056,1.178819109,1.861650227,1.86165E+12,0.12056,4.589537644,0,6.283875057,1.694337413
72,3,29.112,0.026795917,6210.222425,25.112,1.019077272,25.12066165,2.052650938,3.723300454,1.86165E+12,2.5486384,4.385068883,0,7.456797093,3.07172821
96,4,41.168,0.037380877,10611.65239,37.168,1.517682827,34.18532331,2.928850378,5.565686048,1.84239E+12,37.47521486,4.563872186,0,9.010405391,4.446533206
120,5,53.224,0.048178334,15470.84641,49.224,2.020201522,43.24998496,3.822639877,7.395688794,1.83E+12,74.84881486,9.72902603,0,15.57186743,5.842841399
144,6,65.28,0.059156807,21093.44302,61.28,2.535286577,52.31464662,4.731413433,9.218918479,1.82323E+12,109.8112149,23.33115523,0,30.59785524,7.26670001
168,7,67.42773021,0.061122579,17347.50837,63.42773021,2.627966554,53.92948136,4.894135747,11.03787682,1.81896E+12,116.0396325,25.78116324,0,33.30326554,7.522102301
192,8,67.76753719,0.061436562,13039.30756,63.76753719,2.642752416,54.18497533,4.920126529,12.85623452,1.81836E+12,117.0250727,26.26974229,0,33.83262123,7.562878945
216,9,67.82142022,0.061486828,9635.813296,63.82142022,2.64511708,54.22548889,4.924287416,14.67450069,1.81827E+12,117.1813335,26.35832044,0,33.92772494,7.569404495
240,10,67.82977176,0.061494688,7096.403144,63.82977176,2.645486506,54.23176824,4.924938052,16.49275242,1.81825E+12,117.205553,26.3751931,0,33.94561766,7.570424558
264,11,67.83102353,0.061495875,5222.633636,63.83102353,2.645542274,54.23270942,4.925036348,18.31111932,1.81837E+12,117.2091831,26.37828806,0,33.94886669,7.570578622
288,12,67.83120342,0.061496047,3843.101524,63.83120342,2.645550338,54.23284468,4.925050569,20.13019326,1.81907E+12,117.2097048,26.37885998,0,33.94946088,7.570600906
312,13,67.8312279,0.061496071,2827.892178,63.8312279,2.64555144,54.23286308,4.925052515,21.95163805,1.82144E+12,117.2097758,26.37894693,0,33.94955089,7.570603955
336,14,67.83123104,0.061496074,2080.854754,63.83123104,2.645551582,54.23286544,4.925052765,23.77890938,1.82727E+12,117.2097849,26.37895892,0,33.94956327,7.570604347
360,15,67.83123141,0.061496074,1531.159134,63.83123141,2.645551599,54.23286572,4.925052795,25.61787845,1.83897E+12,117.2097859,26.37896067,0,33.94956506,7.570604394
384,16,67.83123145,0.061496074,1126.675455,63.83123145,2.645551601,54.23286575,4.925052798,27.47714691,1.85927E+12,117.2097861,26.37896085,0,33.94956525,7.5706044
408,17,67.83123146,0.061496074,829.0435183,63.83123146,2.645551601,54.23286576,4.925052799,29.36790941,1.89076E+12,117.2097861,26.37896087,0,33.94956527,7.5706044
432,18,67.83123146,0.061496074,610.0365018,63.83123146,2.645551601,54.23286576,4.925052799,31.30332783,1.93542E+12,117.2097861,26.37896087,0,33.94956527,7.5706044
456,19,67.83123146,0.061496074,448.8841964,63.83123146,2.645551601,54.23286576,4.925052799,33.29748906,1.99416E+12,117.2097861,26.37896087,0,33.94956527,7.5706044
480,20,67.83123146,0.061496074,330.3032214,63.83123146,2.645551601,54.23286576,4.925052799,35.36409828,6912968534,117.2097861,26.37896087,0,33.94956527,7.5706044
504,21,67.83123146,0.061496074,243.047581,63.83123146,2.645551601,54.23286576,4.925052799,37.51510362,225966322.3,117.2097861,26.37896087,0,33.94956527,7.5706044
528,22,67.83123146,0.061496074,178.8421148,63.83123146,2.645551601,54.23286576,4.925052799,39.75946128,12544093.01,117.2097861,26.37896087,0,33.94956527,7.5706044
552,23,67.83123146,0.061496074,131.5976974,63.83123146,2.645551601,54.23286576,4.925052799,42.10224749,1389213.497,117.2097861,26.37896087,0,33.94956527,7.5706044
576,24,67.83123146,0.061496074,96.83375742,63.83123146,2.645551601,54.23286576,4.925052799,44.54430779,236959.8439,117.2097861,26.37896087,0,33.94956527,7.5706044
600,25,67.83123146,0.061496074,71.25334837,63.83123146,2.645551601,54.23286576,4.925052799,47.08260398,54149.6741,117.2097861,26.37896087,0,33.94956527,7.5706044
624,26,67.83123146,0.061496074,52.43047249,63.83123146,2.645551601,54.23286576,4.925052799,49.71136513,15322.79437,117.2097861,26.37896087,0,33.94956527,7.5706044
648,27,67.83123146,0.061496074,38.58000373,63.83123146,2.645551601,54.23286576,4.925052799,52.42406848,5114.060067,117.2097861,26.37896087,0,33.94956527,7.5706044
672,28,67.83123146,0.061496074,28.38838975,63.83123146,2.645551601,54.23286576,4.925052799,55.2161736,1949.995303,117.2097861,26.37896087,0,33.94956527,7.5706044
696,29,67.83123146,0.061496074,20.8890771,63.83123146,2.645551601,54.23286576,4.925052799,58.08842177,831.4161135,117.2097861,26.37896087,0,33.94956527,7.5706044
720,30,67.83123146,0.061496074,15.37084513,63.83123146,2.645551601,54.23286576,4.925052799,61.05040912,390.6809377,117.2097861,26.37896087,0,33.94956527,7.5706044
744,31,67.83123146,0.061496074,11.31035512,63.83123146,2.645551601,54.23286576,4.925052799,64.12406574,200.3661098,117.2097861,26.37896087,0,33.94956527,7.5706044
768,32,67.83123146,0.061496074,8.322517849,63.83123146,2.645551601,54.23286576,4.925052799,67.3466351,111.4184002,117.2097861,26.37896087,0,33.94956527,7.5706044
792,33,67.83123146,0.061496074,6.123972471,63.83123146,2.645551601,54.23286576,4.925052799,70.77275819,66.84397884,117.2097861,26.37896087,0,33.94956527,7.5706044
816,34,67.83123146,0.061496074,4.506213087,63.83123146,2.645551601,54.23286576,4.925052799,74.47532381,43.0644431,117.2097861,26.37896087,0,33.94956527,7.5706044
840,35,67.83123146,0.061496074,3.315814449,63.83123146,2.645551601,54.23286576,4.925052799,78.54484567,29.63568288,117.2097861,26.37896087,0,33.94956527,7.5706044
864,36,67.83123146,0.061496074,2.439881395,63.83123146,2.645551601,54.23286576,4.925052799,83.08725745,21.64514492,117.2097861,26.37896087,0,33.94956527,7.5706044
888,37,67.83123146,0.061496074,1.795342087,63.83123146,2.645551601,54.23286576,4.925052799,88.22016377,16.65536641,117.2097861,26.37896087,0,33.94956527,7.5706044
912,38,67.83123146,0.061496074,1.321069632,63.83123146,2.645551601,54.23286576,4.925052799,94.06773293,13.39745854,117.2097861,26.37896087,0,33.94956527,7.5706044
936,39,67.83123146,0.061496074,0.972084925,63.83123146,2.645551601,54.23286576,4.925052799,100.7545491,11.18142661,117.2097861,26.37896087,0,33.94956527,7.5706044
960,40,67.83123146,0.061496074,0.715290915,63.83123146,2.645551601,54.23286576,4.925052799,108.3988438,9.616776619,117.2097861,26.37896087,0,33.94956527,7.5706044
984,41,67.83123146,0.061341424,0.51906435,63.83123146,2.645551601,54.09735462,4.912522027,117.1055892,8.474214849,116.9330029,26.33885455,0.012530772,33.90945895,7.5706044
1008,42,67.83123146,0.06106406,0.371605045,63.83123146,2.645551601,53.85435806,4.890040998,126.9599508,7.614414572,116.4541842,26.27001875,0.035011801,33.84062315,7.5706044
1032,43,67.83123146,0.060694923,0.262551861,63.83123146,2.645551601,53.53101243,4.860112591,138.0215697,6.949970293,115.8418562,26.18263526,0.064940207,33.75323966,7.5706044
1056,44,67.83123146,0.06026285,0.183129263,63.83123146,2.645551601,53.15259449,4.82507156,150.3200707,6.424387697,115.1558361,26.08540574,0.099981239,33.65601014,7.5706044
1080,45,67.83123146,0.059793712,0.126132315,63.83123146,2.645551601,52.74177302,4.787014466,163.8520937,6.000117471,114.445715,25.98540394,0.138038332,33.55600834,7.5706044
1104,46,67.83123146,0.059309833,0.085805507,63.83123146,2.645551601,52.31809935,4.747751718,178.580018,5.651541533,113.7502798,25.88805534,0.177301081,33.45865974,7.5706044
1128,47,67.83123146,0.058829671,0.057662468,63.83123146,2.645551601,51.89773434,4.708781528,194.4324243,5.360750329,113.0977576,25.79722395,0.216271271,33.36782835,7.5706044
1152,48,67.83123146,0.058367758,0.038282754,63.83123146,2.645551601,51.49339254,4.671284061,211.3061699,5.114941084,112.506708,25.71537929,0.253768738,33.28598369,7.5706044
1176,49,67.83123146,0.057934836,0.025110827,63.83123146,2.645551601,51.11447126,4.63613282,229.0698269,4.904775859,111.9873599,25.6438148,0.288919979,33.2144192,7.5706044
1200,50,67.83123146,0.057538175,0.016272603,63.83123146,2.645551601,50.76732469,4.603919572,247.5681652,4.723318597,111.5431911,25.58288967,0.321133227,33.15349407,7.5706044
1224,51,67.83123146,0.057181999,0.010417365,63.83123146,2.645551601,50.45563926,4.574988796,266.6273616,4.565329527,111.1725693,25.53227036,0.350064003,33.10287476,7.5706044
1248,52,67.83123146,0.056867976,0.006587327,63.83123146,2.645551601,50.18086794,4.549477687,286.0606445,4.426786116,110.8703098,25.49115337,0.375575112,33.06175777,7.5706044
1272,53,67.83123146,0.056595745,0.00411376,63.83123146,2.645551601,49.94268476,4.527358142,305.6741243,4.304551694,110.629048,25.45845717,0.397694657,33.02906157,7.5706044
1296,54,67.83123146,0.056363414,0.002536651,63.83123146,2.645551601,49.73942794,4.508477772,325.2725934,4.196142811,110.4403684,25.43297682,0.416575027,33.00358122,7.5706044
1320,55,67.83123146,0.056168029,0.001544107,63.83123146,2.645551601,49.56850724,4.492597649,344.6651011,4.099564011,110.2956683,25.41349995,0.43245515,32.98410435,7.5706044
1344,56,67.83123146,0.056005982,0.000927648,63.83123146,2.645551601,49.42675939,4.479425299,363.6701261,4.013189338,110.1867666,25.3988867,0.4456275,32.9694911,7.5706044
1368,57,67.83123146,0.055873342,0.000549882,63.83123146,2.645551601,49.31074302,4.468642096,382.1201814,3.935676628,110.1062862,25.3881183,0.456410703,32.9587227,7.5706044
1392,58,67.83123146,0.055766126,0.000321531,63.83123146,2.645551601,49.21697046,4.459924828,399.8657036,3.865904933,110.0478523,25.38032076,0.465127971,32.95092516,7.5706044
1416,59,67.83123146,0.055680494,0.000185409,63.83123146,2.645551601,49.14207924,4.452961669,416.7781106,3.802928365,110.0061492,25.37476978,0.47209113,32.94537418,7.5706044
1440,60,67.83123146,0.05561288,0.000105411,63.83123146,2.645551601,49.0829492,4.447463105,432.7519424,3.745941657,109.9768818,25.37088319,0.477589694,32.94148759,7.5706044
1464,61,67.83123146,0.055560076,5.90725E-05,63.83123146,2.645551601,49.03677343,4.44316857,447.7060501,3.694254085,109.9566754,25.36820572,0.481884229,32.93881012,7.5706044
1488,62,67.83123146,0.055519271,3.26242E-05,63.83123146,2.645551601,49.00109202,4.439849622,461.5838438,3.647269449,109.9429464,25.36639021,0.485203177,32.93699461,7.5706044
1512,63,67.83123146,0.055488056,1.77538E-05,63.83123146,2.645551601,48.97379761,4.437310497,474.352659,3.604470435,109.9337629,25.36517808,0.487742302,32.93578248,7.5706044
1536,64,67.83123146,0.055464408,9.51976E-06,63.83123146,2.645551601,48.95312086,4.435386782,486.002345,3.565406206,109.9277132,25.36438097,0.489666017,32.93498537,7.5706044
1560,65,67.83123146,0.05544666,5.03084E-06,63.83123146,2.645551601,48.93760295,4.433942886,496.5432104,3.52968241,109.9237869,25.36386446,0.491109912,32.93446886,7.5706044
1584,66,67.83123146,0.055433458,2.62201E-06,63.83123146,2.645551601,48.92606085,4.432868829,506.0034839,3.496953001,109.9212755,25.36353457,0.49218397,32.93413897,7.5706044
1608,67,67.83123146,0.055423723,1.34997E-06,63.83123146,2.645551601,48.91754969,4.43207675,514.4264572,3.466913476,109.9196917,25.36332681,0.492976049,32.93393122,7.5706044
1632,68,67.83123146,0.055416604,6.89085E-07,63.83123146,2.645551601,48.91132535,4.431497446,521.8674744,3.439295217,109.9187067,25.36319775,0.493555353,32.93380216,7.5706044
1656,69,67.83123146,0.055411438,3.51313E-07,63.83123146,2.645551601,48.90680952,4.431077124,528.3909181,3.413860714,109.9181022,25.36311864,0.493975675,32.93372304,7.5706044
1680,70,67.83123146,0.055407719,1.815E-07,63.83123146,2.645551601,48.90355819,4.43077448,534.0673237,3.390399506,109.917736,25.36307076,0.494278319,32.93367516,7.5706044
1704,71,67.83123146,0.055405061,9.75046E-08,63.83123146,2.645551601,48.90123443,4.430558164,538.9707224,3.368724714,109.9175169,25.36304215,0.494494635,32.93364655,7.5706044
1728,72,67.83123146,0.055403174,5.65978E-08,63.83123146,2.645551601,48.8995853,4.43040464,543.1762915,3.348670065,109.9173875,25.36302526,0.494648159,32.93362966,7.5706044
1752,73,67.83123146,0.055401845,3.69465E-08,63.83123146,2.645551601,48.89842285,4.430296418,546.7583553,3.330087329,109.9173119,25.3630154,0.494756381,32.9336198,7.5706044
1776,74,67.83123146,0.055400913,2.75948E-08,63.83123146,2.645551601,48.89760877,4.430220626,549.7887597,3.312844104,109.9172682,25.36300971,0.494832173,32.93361411,7.5706044
1800,75,67.83123146,0.055400265,2.31452E-08,63.83123146,2.645551601,48.89704221,4.430167877,552.3356163,3.296821905,109.9172433,25.36300646,0.494884922,32.93361086,7.5706044
1824,76,67.83123146,0.055399817,2.09878E-08,63.83123146,2.645551601,48.89665029,4.430131386,554.4623983,3.281914497,109.9172292,25.36300462,0.494921413,32.93360902,7.5706044
1848,77,67.83123146,0.055399509,1.98839E-08,63.83123146,2.645551601,48.89638074,4.430106288,556.2273534,3.268026457,109.9172213,25.36300359,0.494946511,32.93360799,7.5706044
1872,78,67.83123146,0.055399298,1.92573E-08,63.83123146,2.645551601,48.89619639,4.430089122,557.6831936,3.255071916,109.9172169,25.36300302,0.494963677,32.93360742,7.5706044
1896,79,67.83123146,0.055399154,1.88451E-08,63.83123146,2.645551601,48.89607097,4.430077444,558.8770156,3.242973467,109.9172145,25.36300271,0.494975355,32.93360711,7.5706044
1920,80,67.83123146,0.055399057,1.85294E-08,63.83123146,2.645551601,48.8959861,4.43006954,559.8504057,3.231661211,109.9172132,25.36300254,0.494983259,32.93360694,7.5706044
1944,81,67.83123146,0.055398992,1.82587E-08,63.83123146,2.645551601,48.89592894,4.430064218,560.639684,3.22107192,109.9172125,25.36300245,0.494988581,32.93360685,7.5706044
1968,82,67.83123146,0.055398948,1.80106E-08,63.83123146,2.645551601,48.89589064,4.430060652,561.2762492,3.211148311,109.9172121,25.3630024,0.494992147,32.9336068,7.5706044
1992,83,67.83123146,0.055398919,1.77754E-08,63.83123146,2.645551601,48.8958651,4.430058273,561.7869856,3.201838402,109.9172119,25.36300237,0.494994526,32.93360677,7.5706044
2016,84,67.83123146,0.055398899,1.75492E-08,63.83123146,2.645551601,48.89584814,4.430056693,562.1947063,3.193094952,109.9172118,25.36300236,0.494996106,32.93360676,7.5706044
2040,85,67.83123146,0.055398886,1.73302E-08,63.83123146,2.645551601,48.89583693,4.430055649,562.5186055,3.184874965,109.9172117,25.36300235,0.49499715,32.93360675,7.5706044
2064,86,67.83123146,0.055398878,1.71174E-08,63.83123146,2.645551601,48.89582955,4.430054962,562.7747031,3.177139254,109.9172117,25.36300235,0.494997837,32.93360675,7.5706044
2088,87,67.83123146,0.055398872,1.69105E-08,63.83123146,2.645551601,48.89582471,4.430054512,562.9762681,3.169852055,109.9172117,25.36300234,0.494998287,32.93360675,7.5706044
2112,88,67.83123146,0.055398869,1.6709E-08,63.83123146,2.645551601,48.89582155,4.430054218,563.1342122,3.162980687,109.9172117,25.36300234,0.494998581,32.93360674,7.5706044
2136,89,67.83123146,0.055398866,1.65128E-08,63.83123146,2.645551601,48.8958195,4.430054027,563.2574467,3.156495245,109.9172117,25.36300234,0.494998772,32.93360674,7.5706044
2160,90,67.83123146,0.055398865,1.63217E-08,63.83123146,2.645551601,48.89581817,4.430053903,563.3532019,3.15036834,109.9172117,25.36300234,0.494998896,32.93360674,7.5706044
2184,91,67.83123146,0.055398864,1.61353E-08,63.83123146,2.645551601,48.89581732,4.430053823,563.4273078,3.144574848,109.9172117,25.36300234,0.494998976,32.93360674,7.5706044
2208,92,67.83123146,0.055398863,1.59537E-08,63.83123146,2.645551601,48.89581677,4.430053772,563.4844371,3.139091708,109.9172117,25.36300234,0.494999027,32.93360674,7.5706044
2232,93,67.83123146,0.055398863,1.57765E-08,63.83123146,2.645551601,48.89581642,4.430053739,563.5283141,3.133897721,109.9172117,25.36300234,0.49499906,32.93360674,7.5706044
2256,94,67.83123146,0.055398863,1.56036E-08,63.83123146,2.645551601,48.89581619,4.430053718,563.5618911,3.128973387,109.9172117,25.36300234,0.49499908,32.93360674,7.5706044
2280,95,67.83123146,0.055398863,1.54348E-08,63.83123146,2.645551601,48.89581605,4.430053705,563.5874959,3.124300746,109.9172117,25.36300234,0.494999094,32.93360674,7.5706044
2304,96,67.83123146,0.055398862,1.527E-08,63.83123146,2.645551601,48.89581596,4.430053697,563.6069553,3.119863243,109.9172117,25.36300234,0.494999102,32.93360674,7.5706044
2328,97,67.83123146,0.055398862,1.51091E-08,63.83123146,2.645551601,48.8958159,4.430053691,563.6216957,3.115645604,109.9172117,25.36300234,0.494999107,32.93360674,7.5706044
2352,98,67.83123146,0.055398862,1.4952E-08,63.83123146,2.645551601,48.89581587,4.430053688,563.6328262,3.111633723,109.9172117,25.36300234,0.494999111,32.93360674,7.5706044
2376,99,67.83123146,0.055398862,1.47984E-08,63.83123146,2.645551601,48.89581584,4.430053686,563.6412049,3.107814562,109.9172117,25.36300234,0.494999113,32.93360674,7.5706044
2400,100,67.83123146,0.055398862,1.46483E-08,63.83123146,2.645551601,48.89581583,4.430053685,563.6474935,3.104176058,109.9172117,25.36300234,0.494999114,32.93360674,7.5706044
2424,101,67.83123146,0.055398862,1.45015E-08,63.83123146,2.645551601,48.89581582,4.430053684,563.6521825,3.089265321,109.9172117,25.36300234,0.494999115,32.93360674,7.5706044
